--[[
_________ .__            .___       __________                __                 __  .__                ____   ____________  
\_   ___ \|  | ___.__. __| _/____   \______   \_______  _____/  |_  ____   _____/  |_|__| ____   ____   \   \ /   /\_____  \ 
/    \  \/|  |<   |  |/ __ |/ __ \   |     ___/\_  __ \/  _ \   __\/ __ \_/ ___\   __\  |/  _ \ /    \   \   Y   /  /  ____/ 
\     \___|  |_\___  / /_/ \  ___/   |    |     |  | \(  <_> )  | \  ___/\  \___|  | |  (  <_> )   |  \   \     /  /       \ 
 \______  /____/ ____\____ |\___  >  |____|     |__|   \____/|__|  \___  >\___  >__| |__|\____/|___|  /    \___/   \_______ \
        \/     \/         \/    \/                                     \/     \/                    \/                     \/

https://clydeprotectionde.cloud | ClydeProtection Just like VMProtect, but for Lua.
]]
local _pcall=pcall
local _xpcall=xpcall
local _select=select
local _type=type
local _tpack=table.pack
local _tunpack=table.unpack
local _tcreate=table.create
local _tconcat=table.concat
local _mfloor=math.floor
local _ipairs=ipairs
local _tostring=tostring
local _rawget=rawget
local _setmeta=setmetatable
local _bxor=bit32.bxor
local _band=bit32.band
local _getmeta=getmetatable
local _next=next
local _hookOk=true
local _genv=(type(getfenv)=="function" and getfenv(0)) or _G
local _env=setmetatable({print=print,warn=warn,error=error,assert=assert,type=type,typeof=typeof,tostring=tostring,tonumber=tonumber,pcall=pcall,xpcall=xpcall,select=select,unpack=unpack,pairs=pairs,ipairs=ipairs,next=next,rawget=rawget,rawset=rawset,rawequal=rawequal,rawlen=rawlen,setmetatable=setmetatable,getmetatable=getmetatable,collectgarbage=collectgarbage,dofile=dofile,gcinfo=gcinfo,string=string,table=table,math=math,bit32=bit32,coroutine=coroutine,os=os,debug=debug,utf8=utf8,buffer=buffer,game=game,workspace=workspace,script=script,Instance=Instance,Enum=Enum,Vector3=Vector3,Vector2=Vector2,CFrame=CFrame,Color3=Color3,BrickColor=BrickColor,UDim=UDim,UDim2=UDim2,Ray=Ray,Region3=Region3,Rect=Rect,TweenInfo=TweenInfo,NumberSequence=NumberSequence,ColorSequence=ColorSequence,NumberRange=NumberRange,NumberSequenceKeypoint=NumberSequenceKeypoint,ColorSequenceKeypoint=ColorSequenceKeypoint,PhysicalProperties=PhysicalProperties,Axes=Axes,Faces=Faces,PathWaypoint=PathWaypoint,Random=Random,DateTime=DateTime,RaycastParams=RaycastParams,OverlapParams=OverlapParams,Font=Font,FloatCurveKey=FloatCurveKey,RotationCurveKey=RotationCurveKey,tick=tick,time=time,wait=wait,task=task,spawn=spawn,delay=delay,require=require,loadstring=loadstring,load=load,getfenv=getfenv,setfenv=setfenv,newproxy=newproxy,_G=_G,shared=shared,settings=settings,stats=stats,UserSettings=UserSettings,version=version},{__index=function(_,k) local ok,v=pcall(function() return _genv[k] end);if ok then return v end;return nil end})

local function _run(K,code,protos,upvals,nParams,maxRegs,_isVararg,_env,...)
protos=protos or {}
upvals=upvals or {}
local R=_tcreate(maxRegs+1)
local _args={...}
local _ac=_select("#",...)
for _i=1,((_ac<nParams) and _ac or nParams) do R[_i]=_args[_i] end
local VA={}
local VAC=0
if _isVararg then VAC=_ac-nParams;if VAC<0 then VAC=0 end;for _i=1,VAC do VA[_i]=_args[nParams+_i] end end
local ip=1
local openUVs={}
local _ic={}
local _top=0
local _tw;do local _t=_env["task"];if _t then _tw=_t["wait"] end end
local function RK(x) if x>=256 then return K[x-255] else return R[x+1] end end
local _opNames={[0]="NOP",[1]="LOADK",[2]="LOADNIL",[3]="LOADBOOL",[4]="MOVE",[5]="GETGLOBAL",[6]="SETGLOBAL",[7]="GETTABLE",[8]="SETTABLE",[9]="NEWTABLE",[10]="ADD",[11]="SUB",[12]="MUL",[13]="DIV",[14]="MOD",[15]="POW",[16]="IDIV",[17]="UNM",[18]="NOT",[19]="LEN",[20]="CONCAT",[21]="JMP",[22]="EQ",[23]="LT",[24]="LE",[25]="TEST",[26]="TESTSET",[27]="CALL",[28]="TAILCALL",[29]="RETURN",[30]="FORPREP",[31]="FORLOOP",[32]="TFORLOOP",[33]="SETLIST",[34]="CLOSURE",[35]="VARARG",[36]="SELF",[37]="GETUPVAL",[38]="SETUPVAL",[39]="CLOSEUPVAL",[40]="PCALL",[41]="XPCALL",[42]="ITERPREP",[43]="LOADKX",[44]="EXTRAARG",[45]="F_TEST_JMP",[46]="F_EQ_JMP",[47]="F_LT_JMP",[48]="F_LE_JMP",[49]="F_TESTSET_JMP",[50]="F_GGET",[51]="F_LOADKK",[52]="F_MOVE_MOVE",[53]="F_SELF_CALL",[54]="F_GGET_CALL",[55]="F_LOADK_RET",[56]="F_MOVE_RET"}
while ip<=#code do
local a=code[ip]
local _s1=code[ip+1]
local _s2=code[ip+2]
local _s3=code[ip+3]
ip=ip+4
print("[VM] ip="..(ip-4).." "..((_opNames and _opNames[a]) or "OP"..a).." s1="..tostring(_s1).." s2="..tostring(_s2).." s3="..tostring(_s3))
if a==0 then local A,B,C=_s1,_s2,_s3;
elseif a==1 then local A,B,C=_s1,_s2,_s3;R[A+1]=K[B+1]
elseif a==2 then local A,B,C=_s1,_s2,_s3;for _i=A,A+B do R[_i+1]=nil end
elseif a==3 then local A,B,C=_s1,_s2,_s3;R[A+1]=(B~=0);if C~=0 then ip=ip+4 end
elseif a==4 then local A,B,C=_s1,_s2,_s3;R[A+1]=R[B+1]
elseif a==5 then local A,B,C=_s1,_s2,_s3;do local _k=K[B+1];if _ic[1]==_k then R[A+1]=_ic[2] else local _v=_env[_k];R[A+1]=_v;_ic[1]=_k;_ic[2]=_v end end
elseif a==6 then local A,B,C=_s1,_s2,_s3;do _env[K[B+1]]=R[A+1];_ic[1]=nil end
elseif a==7 then local A,B,C=_s1,_s2,_s3;R[A+1]=R[B+1][RK(C)]
elseif a==8 then local A,B,C=_s1,_s2,_s3;R[A+1][RK(B)]=RK(C)
elseif a==9 then local A,B,C=_s1,_s2,_s3;R[A+1]={}
elseif a==10 then local A,B,C=_s1,_s2,_s3;R[A+1]=RK(B)+RK(C)
elseif a==11 then local A,B,C=_s1,_s2,_s3;R[A+1]=RK(B)-RK(C)
elseif a==12 then local A,B,C=_s1,_s2,_s3;R[A+1]=RK(B)*RK(C)
elseif a==13 then local A,B,C=_s1,_s2,_s3;R[A+1]=RK(B)/RK(C)
elseif a==14 then local A,B,C=_s1,_s2,_s3;R[A+1]=RK(B)%RK(C)
elseif a==15 then local A,B,C=_s1,_s2,_s3;R[A+1]=RK(B)^RK(C)
elseif a==16 then local A,B,C=_s1,_s2,_s3;R[A+1]=_mfloor(RK(B)/RK(C))
elseif a==17 then local A,B,C=_s1,_s2,_s3;R[A+1]=-R[B+1]
elseif a==18 then local A,B,C=_s1,_s2,_s3;R[A+1]=not R[B+1]
elseif a==19 then local A,B,C=_s1,_s2,_s3;R[A+1]=#R[B+1]
elseif a==20 then local A,B,C=_s1,_s2,_s3;do if C-B<=1 then R[A+1]=R[B+1]..R[C+1] else local _t={};for _i=B,C do _t[#_t+1]=R[_i+1] end;R[A+1]=_tconcat(_t) end end
elseif a==21 then local A,B,C=_s1,_s2,_s3;ip=ip+B*4
elseif a==22 then local A,B,C=_s1,_s2,_s3;if (RK(B)==RK(C))~=(A~=0) then ip=ip+4 end
elseif a==23 then local A,B,C=_s1,_s2,_s3;if (RK(B)<RK(C))~=(A~=0) then ip=ip+4 end
elseif a==24 then local A,B,C=_s1,_s2,_s3;if (RK(B)<=RK(C))~=(A~=0) then ip=ip+4 end
elseif a==25 then local A,B,C=_s1,_s2,_s3;if (not R[A+1])==(C~=0) then ip=ip+4 end
elseif a==26 then local A,B,C=_s1,_s2,_s3;if (not R[B+1])==(C~=0) then ip=ip+4 else R[A+1]=R[B+1] end
elseif a==27 then local A,B,C=_s1,_s2,_s3;do local f=R[A+1];local r;if B==1 then r=_tpack(f()) elseif B==2 then r=_tpack(f(R[A+2])) elseif B==3 then r=_tpack(f(R[A+2],R[A+3])) elseif B==0 then r=_tpack(f(_tunpack(R,A+2,_top))) else r=_tpack(f(_tunpack(R,A+2,A+B))) end;if C==0 then for _i=1,r.n do R[A+_i]=r[_i] end;_top=A+r.n else for _i=1,C-1 do R[A+_i]=r[_i] end end end
elseif a==28 then local A,B,C=_s1,_s2,_s3;do local f=R[A+1];if B==1 then return f() elseif B==2 then return f(R[A+2]) elseif B==3 then return f(R[A+2],R[A+3]) elseif B==0 then return f(_tunpack(R,A+2,_top)) else return f(_tunpack(R,A+2,A+B)) end end
elseif a==29 then local A,B,C=_s1,_s2,_s3;do if B==0 then return _tunpack(R,A+1,_top) elseif B==1 then return else return _tunpack(R,A+1,A+B-1) end end
elseif a==30 then local A,B,C=_s1,_s2,_s3;R[A+1]=R[A+1]-R[A+3];ip=ip+B*4
elseif a==31 then local A,B,C=_s1,_s2,_s3;do local step=R[A+3];local idx=R[A+1]+step;R[A+1]=idx;local lim=R[A+2];if step>0 then if idx<=lim then ip=ip+B*4;R[A+4]=idx end else if idx>=lim then ip=ip+B*4;R[A+4]=idx end end end
elseif a==32 then local A,B,C=_s1,_s2,_s3;do local f=R[A+1];local s=R[A+2];local v=R[A+3];local r={f(s,v)};for _i=1,C do R[A+3+_i]=r[_i] end;if r[1]~=nil then R[A+3]=r[1];ip=ip+4 end end
elseif a==33 then local A,B,C=_s1,_s2,_s3;do local t=R[A+1];local _b=B;if _b==0 then _b=_top-(A+1) end;local base=C-1;for _i=1,_b do t[base+_i]=R[A+1+_i] end end
elseif a==34 then local A,B,C=_s1,_s2,_s3;do local proto=protos[B+1];if proto then local nU={};if proto.U then for _ui,_ud in _ipairs(proto.U) do if _ud[1]==1 then local _b;for _oi=1,#openUVs do if openUVs[_oi][2]==_ud[2]+1 then _b=openUVs[_oi];break end end;if not _b then _b={R,_ud[2]+1};openUVs[#openUVs+1]=_b end;nU[_ui]=_b else nU[_ui]=upvals[_ud[2]+1] end end end;R[A+1]=function(...) return _run(proto.K,proto.C,proto.P,proto.U and nU or {},proto.nParams,proto.mR,proto.vA,_env,...) end else R[A+1]=nil end end
elseif a==35 then local A,B,C=_s1,_s2,_s3;do if B==0 then for _i=1,VAC do R[A+_i]=VA[_i] end;_top=A+VAC else for _i=1,B-1 do R[A+_i]=VA[_i] end end end
elseif a==36 then local A,B,C=_s1,_s2,_s3;R[A+2]=R[B+1];R[A+1]=R[B+1][RK(C)]
elseif a==37 then local A,B,C=_s1,_s2,_s3;do local _b=upvals[B+1];if _b[2] then R[A+1]=_b[1][_b[2]] else R[A+1]=_b[1] end end
elseif a==38 then local A,B,C=_s1,_s2,_s3;do local _b=upvals[B+1];if _b[2] then _b[1][_b[2]]=R[A+1] else _b[1]=R[A+1] end end
elseif a==39 then local A,B,C=_s1,_s2,_s3;do local _n=0;for _i=1,#openUVs do local _b=openUVs[_i];if _b[2]>=A+1 then _b[1]=_b[1][_b[2]];_b[2]=nil else _n=_n+1;openUVs[_n]=_b end end;for _i=_n+1,#openUVs do openUVs[_i]=nil end end
elseif a==40 then local A,B,C=_s1,_s2,_s3;do local f=R[A+1];local r;if B==1 then r=_tpack(_pcall(f)) elseif B==2 then r=_tpack(_pcall(f,R[A+2])) elseif B==3 then r=_tpack(_pcall(f,R[A+2],R[A+3])) else r=_tpack(_pcall(f,_tunpack(R,A+2,A+B))) end;if C==0 then for _i=1,r.n do R[A+_i]=r[_i] end;_top=A+r.n else for _i=1,C-1 do R[A+_i]=r[_i] end end end
elseif a==41 then local A,B,C=_s1,_s2,_s3;do local f=R[A+1];local eh=R[A+2];local r;if B<=2 then r=_tpack(_xpcall(f,eh)) elseif B==3 then r=_tpack(_xpcall(f,eh,R[A+3])) else r=_tpack(_xpcall(f,eh,_tunpack(R,A+3,A+B))) end;if C==0 then for _i=1,r.n do R[A+_i]=r[_i] end;_top=A+r.n else for _i=1,C-1 do R[A+_i]=r[_i] end end end
elseif a==42 then local A,B,C=_s1,_s2,_s3;do local it=R[A+1];if _type(it)=="table" then local ok,mt=_pcall(_getmeta,it);if ok and _type(mt)=="table" and mt.__iter then R[A+1]=mt.__iter(it) else R[A+1]=_next;R[A+2]=it;R[A+3]=nil end end end
elseif a==43 then local A,B,C=_s1,_s2,_s3;local ex=code[ip+1];R[A+1]=K[ex+1];ip=ip+4
elseif a==44 then local A,B,C=_s1,_s2,_s3;
elseif a==45 then local A,B,C=_s1,_s2,_s3;do local _j=code[ip+2];if (not R[A+1])==(C~=0) then ip=ip+4 else ip=ip+4+_j*4 end end
elseif a==46 then local A,B,C=_s1,_s2,_s3;do local _lv,_rv=RK(B),RK(C);local _j=code[ip+2];if (_lv==_rv)~=(A~=0) then ip=ip+4 else ip=ip+4+_j*4 end end
elseif a==47 then local A,B,C=_s1,_s2,_s3;do local _j=code[ip+2];if (RK(B)<RK(C))~=(A~=0) then ip=ip+4 else ip=ip+4+_j*4 end end
elseif a==48 then local A,B,C=_s1,_s2,_s3;do local _j=code[ip+2];if (RK(B)<=RK(C))==(A~=0) then ip=ip+4+_j*4 else ip=ip+4 end end
elseif a==49 then local A,B,C=_s1,_s2,_s3;do local _j=code[ip+2];if (not R[B+1])==(C~=0) then ip=ip+4 else R[A+1]=R[B+1];ip=ip+4+_j*4 end end
elseif a==50 then local A,B,C=_s1,_s2,_s3;do local _A2=code[ip+1];local _C2=code[ip+3];local _g=_env[K[B+1]];R[A+1]=_g;R[_A2+1]=_g[RK(_C2)];ip=ip+4 end
elseif a==51 then local A,B,C=_s1,_s2,_s3;do R[A+1]=K[B+1];R[code[ip+1]+1]=K[code[ip+2]+1];ip=ip+4 end
elseif a==52 then local A,B,C=_s1,_s2,_s3;do local _A2=code[ip+1];local _B2=code[ip+2];R[A+1]=R[B+1];R[_A2+1]=R[_B2+1];ip=ip+4 end
elseif a==53 then local A,B,C=_s1,_s2,_s3;do local _s=R[B+1];R[A+2]=_s;local f=_s[RK(C)];R[A+1]=f;local _B2=code[ip+2];local _C2=code[ip+3];ip=ip+4;local r;if _B2==2 then r=_tpack(f(R[A+2])) elseif _B2==3 then r=_tpack(f(R[A+2],R[A+3])) elseif _B2==0 then r=_tpack(f(_tunpack(R,A+2,_top))) else r=_tpack(f(_tunpack(R,A+2,A+_B2))) end;if _C2==0 then for _i=1,r.n do R[A+_i]=r[_i] end;_top=A+r.n else for _i=1,_C2-1 do R[A+_i]=r[_i] end end end
elseif a==54 then local A,B,C=_s1,_s2,_s3;do local _A2=code[ip+1];local _C2=code[ip+3];local _A3=code[ip+5];local _B3=code[ip+6];local _C3=code[ip+7];local _g=_env[K[B+1]];R[A+1]=_g;local f=_g[RK(_C2)];R[_A2+1]=f;ip=ip+8;local r;if _B3==1 then r=_tpack(f()) elseif _B3==2 then r=_tpack(f(R[_A3+2])) elseif _B3==3 then r=_tpack(f(R[_A3+2],R[_A3+3])) elseif _B3==0 then r=_tpack(f(_tunpack(R,_A3+2,_top))) else r=_tpack(f(_tunpack(R,_A3+2,_A3+_B3))) end;if _C3==0 then for _i=1,r.n do R[_A3+_i]=r[_i] end;_top=_A3+r.n else for _i=1,_C3-1 do R[_A3+_i]=r[_i] end end end
elseif a==55 then local A,B,C=_s1,_s2,_s3;do R[A+1]=K[B+1];ip=ip+4;return R[A+1] end
elseif a==56 then local A,B,C=_s1,_s2,_s3;do local _A2=code[ip+1];local _B2=code[ip+2];R[A+1]=R[B+1];ip=ip+4;if _B2==0 then return _tunpack(R,_A2+1,_top) elseif _B2==1 then return else return _tunpack(R,_A2+1,_A2+_B2-1) end end
end
end
end
local _dK={"game","GetService","Players","UserInputService","TweenService","CoreGui","LocalPlayer","Bg","Color3","fromRGB",15,17,21,"Sidebar",11,13,16,"Panel",22,24,29,"PanelStroke",34,37,43,"Header","HeaderLine",28,31,"Accent",139,92,246,"AccentDim",109,62,216,"Text",228,230,235,"TextDim",150,155,165,"TextGroup",122,127,136,"Close",220,70,90,"W",780,"H",520,"HeaderH",44,"SidebarW",56,"Padding",14,"GroupGap",12,"Corner",6,"Anim",0.12,"Font","Enum","Gotham","FontMed","GothamMedium","FontBold","GothamBold","FontSemi","GothamSemibold","Frame","Title","CloseBtn","Content","Container","Opened",false,"CurrentOwner","ESP","eye","Aim","crosshairs","Player","person","Visual","paint-brush","Skinchanger","shirt","Settings","gear","About","circle-question","Configs","folder","xmark","rbxasset://LuaPackages/Packages/_Index/BuilderIcons/BuilderIcons/BuilderIcons.json","ScreenGui","Name","SpectraUI","ResetOnSpawn","ZIndexBehavior","Sibling","DisplayOrder",100,"pcall",225,"WaitForChild","PlayerGui","Parent","CanvasGroup","Main","Size","UDim2","fromOffset","Position","new",0.5,2,"BackgroundColor3","BorderSizePixel",0,"Active",true,"GroupTransparency",8,1,"UIScale","Scale","MaskMainTopRight","ZIndex",20,"Visible","MaskMainBottomRight","Logo",36,"BackgroundTransparency",0.75,"TextLabel","S","TextColor3","TextSize",30,"GothamBlack","TextXAlignment","Center","TextYAlignment","task","spawn",300,58,"Spectra","Left","TextButton",38,"","AutoButtonColor","MouseEnter","Connect","MouseLeave","MouseButton1Click","InputBegan","InputChanged",5,"TopHolder",120,10,"UIListLayout","FillDirection","Vertical","SortOrder","LayoutOrder","HorizontalAlignment","VerticalAlignment","Top","UDim","BotHolder",110,"Bottom","ClipsDescendants","Tabs","GUI","Toggles","Sliders","Dropdowns","ColorPickers","KeyPickers","Textboxes","Registry","AddTab","SelectTab","AddGroupbox","SubPanel","UICorner","CornerRadius","StrokeRight",3,4,50,"OpenMenu","CloseMenu","ToggleMenu","IsMenuOpened","OpenSubPanel","CloseSubPanel","IsSubPanelOpen","GetSubPanelOwner",42,45,51,"ToggleOff","ToggleOn",240,245,"ToggleKnob","TrackBg","TrackFill","Box",35,"Hover","ToggleW",18,"ToggleH","AddToggle","AddSlider","Checkboard",60,68,"AddColorPicker","AddDropdown","AddKeyPicker","AddTextbox","AddButton","AddPlayerCard","AddLabel","AddCollapsible","NotifHolder",280,500,"Right","success",80,200,"error","info","check","circle-info","Notify","HttpService","SpectraConfigs","Folder","Ignore","Toggle","Save","Load","Slider","Dropdown","ColorPicker","KeyPicker","Textbox","Parser","BuildFolderTree","SetFolder","SetIgnoreIndexes","_knownConfigs","List","AddToCache","RemoveFromCache","Delete","SetAutoload","GetAutoload","LoadAutoload","SaveManager","AddConfigSection","Root","Theme","Config","Icons","Profile","Profile_1","Spectra User","Groupbox","Profile_2","Member since 2024","Profile_3","Total time: 12h","About Spectra","Info_1","SpectraUI v5.0","Info_2","Nixware-style interface","Info_3","Made with \226\157\164","Credits","Cred_1","UI: Spectra","Cred_2","Icons: BuilderIcons","Cred_3","Thanks to all contributors","Actions","Unload_Btn","Unload Script","Callback"}
local _dC={5,4,0,0,36,0,4,257,1,2,2,0,27,0,3,2,5,5,0,0,36,1,5,257,1,3,3,0,27,1,3,2,5,6,0,0,36,2,6,257,1,4,4,0,27,2,3,2,5,7,0,0,36,3,7,257,1,5,5,0,27,3,3,2,7,4,0,262,2,5,0,0,9,6,0,0,5,13,8,0,7,8,13,265,1,9,10,0,1,10,11,0,1,11,12,0,27,8,4,2,8,6,263,8,5,18,8,0,7,13,18,265,1,14,14,0,1,15,15,0,1,16,16,0,27,13,4,2,8,6,269,13,5,23,8,0,7,18,23,265,1,19,18,0,1,20,19,0,1,21,20,0,27,18,4,2,8,6,273,18,5,28,8,0,7,23,28,265,1,24,22,0,1,25,23,0,1,26,24,0,27,23,4,2,8,6,277,23,5,33,8,0,7,28,33,265,1,29,10,0,1,30,11,0,1,31,12,0,27,28,4,2,8,6,281,28,5,38,8,0,7,33,38,265,1,34,27,0,1,35,28,0,1,36,23,0,27,33,4,2,8,6,282,33,5,43,8,0,7,38,43,265,1,39,30,0,1,40,31,0,1,41,32,0,27,38,4,2,8,6,285,38,5,48,8,0,7,43,48,265,1,44,34,0,1,45,35,0,1,46,36,0,27,43,4,2,8,6,289,43,5,53,8,0,7,48,53,265,1,49,38,0,1,50,39,0,1,51,40,0,27,48,4,2,8,6,293,48,5,58,8,0,7,53,58,265,1,54,42,0,1,55,43,0,1,56,44,0,27,53,4,2,8,6,297,53,5,63,8,0,7,58,63,265,1,59,46,0,1,60,47,0,1,61,48,0,27,58,4,2,8,6,301,58,5,68,8,0,7,63,68,265,1,64,50,0,1,65,51,0,1,66,52,0,27,63,4,2,8,6,305,63,9,7,0,0,8,7,309,310,8,7,311,312,8,7,313,314,8,7,315,316,8,7,317,318,8,7,319,320,8,7,321,322,8,7,323,324,5,10,70,0,7,9,10,325,7,8,9,327,8,7,325,8,5,11,70,0,7,10,11,325,7,9,10,329,8,7,328,9,5,12,70,0,7,11,12,325,7,10,11,331,8,7,330,10,5,13,70,0,7,12,13,325,7,11,12,333,8,7,332,11,9,8,0,0,2,9,0,0,8,8,334,9,2,10,0,0,8,8,281,10,2,11,0,0,8,8,335,11,2,12,0,0,8,8,336,12,2,13,0,0,8,8,337,13,2,14,0,0,8,8,338,14,8,8,339,340,2,15,0,0,8,8,341,15,9,9,0,0,8,9,342,343,8,9,344,345,8,9,346,347,8,9,348,349,8,9,350,351,8,9,352,353,8,9,354,355,8,9,356,357,8,9,305,358,34,10,0,0,34,11,1,0,34,12,2,0,34,13,3,0,34,14,4,0,1,15,103,0,34,16,5,0,34,17,6,0,4,18,10,0,1,19,104,0,9,20,0,0,8,20,361,362,8,20,363,340,5,24,70,0,7,23,24,364,7,22,23,365,8,20,364,22,8,20,366,367,27,18,3,2,5,19,112,0,34,20,7,0,27,19,2,2,12,23,266,266,22,0,23,369,21,0,1,0,3,22,1,1,3,22,0,0,25,22,0,0,21,0,1,0,18,22,19,0,25,22,0,0,21,0,5,0,36,22,4,370,1,24,115,0,27,22,3,2,8,18,372,22,21,0,0,0,4,20,10,0,1,21,117,0,9,22,0,0,8,22,361,374,5,28,120,0,7,24,28,377,7,25,7,309,7,26,7,311,27,24,3,2,8,22,375,24,5,34,120,0,7,28,34,379,1,29,124,0,7,35,7,309,17,34,35,0,13,30,34,381,1,31,124,0,7,35,7,311,17,34,35,0,13,32,34,381,27,28,5,2,8,22,378,28,7,34,6,263,8,22,382,34,8,22,383,384,8,22,385,386,8,22,387,384,8,22,372,18,27,20,3,2,4,24,11,0,4,25,20,0,1,26,132,0,27,24,3,1,4,24,12,0,4,25,20,0,7,26,6,277,1,27,133,0,1,28,128,0,27,24,5,1,4,21,10,0,1,22,134,0,9,23,0,0,8,23,391,389,8,23,372,20,27,21,3,2,4,22,10,0,1,23,78,0,9,24,0,0,8,24,361,392,5,32,120,0,7,26,32,379,1,27,128,0,1,28,132,0,1,29,128,0,1,30,132,0,27,26,5,2,8,24,375,26,5,38,120,0,7,32,38,379,1,33,133,0,1,38,132,0,17,34,38,0,1,35,128,0,1,36,128,0,27,32,5,2,8,24,378,32,7,38,6,263,8,24,382,38,8,24,383,384,8,24,393,394,8,24,395,340,8,24,372,20,27,22,3,2,4,23,10,0,1,24,78,0,9,25,0,0,8,25,361,396,5,33,120,0,7,27,33,379,1,28,128,0,1,29,132,0,1,30,128,0,1,31,132,0,27,27,5,2,8,25,375,27,5,39,120,0,7,33,39,379,1,34,133,0,1,39,132,0,17,35,39,0,1,36,133,0,1,39,132,0,17,37,39,0,27,33,5,2,8,25,378,33,7,39,6,263,8,25,382,39,8,25,383,384,8,25,393,394,8,25,395,340,8,25,372,20,27,23,3,2,4,24,10,0,1,25,78,0,9,26,0,0,8,26,361,281,5,34,120,0,7,28,34,379,1,29,133,0,1,30,128,0,1,31,128,0,7,32,7,313,27,28,5,2,8,26,375,28,7,34,6,281,8,26,382,34,8,26,383,384,8,26,372,20,27,24,3,2,4,28,11,0,4,29,24,0,1,30,132,0,27,28,3,1,4,28,10,0,1,29,78,0,9,30,0,0,5,38,120,0,7,32,38,379,1,33,133,0,1,34,128,0,1,35,128,0,1,36,132,0,27,32,5,2,8,30,375,32,5,44,120,0,7,38,44,379,1,39,128,0,1,40,128,0,1,41,133,0,1,44,132,0,17,42,44,0,27,38,5,2,8,30,378,38,7,44,6,281,8,30,382,44,8,30,383,384,8,30,372,24,27,28,3,1,4,25,10,0,1,26,78,0,9,27,0,0,8,27,361,397,5,33,120,0,7,29,33,377,1,30,142,0,1,31,142,0,27,29,3,2,8,27,375,29,5,37,120,0,7,33,37,377,1,34,62,0,7,38,7,313,11,37,38,398,13,35,37,381,27,33,3,2,8,27,378,33,8,27,399,389,8,27,372,24,27,25,3,2,4,26,10,0,1,27,78,0,9,28,0,0,5,34,120,0,7,30,34,377,1,31,22,0,1,32,22,0,27,30,3,2,8,28,375,30,5,38,120,0,7,34,38,377,1,35,133,0,1,36,133,0,27,34,3,2,8,28,378,34,7,38,6,285,8,28,382,38,8,28,399,400,8,28,383,384,8,28,393,389,8,28,372,25,27,26,3,2,4,30,11,0,4,31,26,0,1,32,11,0,27,30,3,1,4,27,10,0,1,28,145,0,9,29,0,0,5,35,120,0,7,31,35,377,1,32,142,0,1,33,142,0,27,31,3,2,8,29,375,31,8,29,399,389,8,29,293,402,7,35,6,285,8,29,403,35,8,29,404,405,5,38,70,0,7,37,38,325,7,36,37,406,8,29,325,36,5,39,70,0,7,38,39,407,7,37,38,408,8,29,407,37,5,40,70,0,7,39,40,409,7,38,39,408,8,29,409,38,8,29,393,381,8,29,372,25,27,27,3,2,5,34,154,0,7,31,34,411,34,32,8,0,27,31,2,1,4,28,10,0,1,29,145,0,9,30,0,0,5,38,120,0,7,32,38,379,1,33,128,0,1,34,156,0,1,35,133,0,1,36,128,0,27,32,5,2,8,30,375,32,5,42,120,0,7,38,42,377,1,39,157,0,1,40,128,0,27,38,3,2,8,30,378,38,8,30,399,389,8,30,293,414,7,42,6,293,8,30,403,42,8,30,404,266,7,43,7,332,8,30,325,43,5,46,70,0,7,45,46,407,7,44,45,415,8,30,407,44,8,30,372,24,27,28,3,2,4,29,10,0,1,30,160,0,9,31,0,0,5,37,120,0,7,33,37,377,1,34,27,0,1,35,27,0,27,33,3,2,8,31,375,33,5,43,120,0,7,37,43,379,1,38,133,0,1,43,161,0,17,39,43,0,1,40,128,0,7,44,7,313,11,43,44,283,13,41,43,381,27,37,5,2,8,31,378,37,7,43,6,281,8,31,382,43,8,31,383,384,8,31,293,418,8,31,419,340,8,31,372,24,27,29,3,2,4,33,11,0,4,34,29,0,1,35,66,0,27,33,3,1,4,30,16,0,4,31,29,0,7,32,9,305,1,33,62,0,7,34,6,297,27,30,5,3,7,40,29,420,36,36,40,421,34,38,9,0,27,36,3,1,7,40,29,422,36,36,40,421,34,38,10,0,27,36,3,1,7,40,29,423,36,36,40,421,34,38,11,0,27,36,3,1,4,36,10,0,1,37,78,0,9,38,0,0,5,46,120,0,7,40,46,379,1,41,133,0,1,42,128,0,1,43,128,0,1,44,133,0,27,40,5,2,8,38,375,40,5,52,120,0,7,46,52,379,1,47,128,0,1,48,128,0,1,49,133,0,1,52,133,0,17,50,52,0,27,46,5,2,8,38,378,46,7,52,6,282,8,38,382,52,8,38,383,384,8,38,372,24,27,36,3,1,2,32,2,0,7,40,24,424,36,36,40,421,34,38,12,0,27,36,3,1,7,40,1,425,36,36,40,421,34,38,13,0,27,36,3,1,39,32,0,0,4,32,10,0,1,33,78,0,9,34,0,0,8,34,361,269,5,42,120,0,7,36,42,379,1,37,128,0,7,38,7,315,1,39,133,0,7,42,7,313,17,40,42,0,27,36,5,2,8,34,375,36,5,48,120,0,7,42,48,379,1,43,128,0,1,44,128,0,1,45,128,0,7,46,7,313,27,42,5,2,8,34,378,42,7,48,6,269,8,34,382,48,8,34,383,384,8,34,372,20,27,32,3,2,4,36,11,0,4,37,32,0,1,38,132,0,27,36,3,1,4,36,10,0,1,37,78,0,9,38,0,0,5,46,120,0,7,40,46,379,1,41,128,0,1,42,132,0,1,43,128,0,1,44,132,0,27,40,5,2,8,38,375,40,5,52,120,0,7,46,52,379,1,47,128,0,1,48,128,0,1,49,128,0,1,50,128,0,27,46,5,2,8,38,378,46,7,52,6,269,8,38,382,52,8,38,383,384,8,38,393,426,8,38,372,32,27,36,3,1,4,36,10,0,1,37,78,0,9,38,0,0,5,46,120,0,7,40,46,379,1,41,128,0,1,42,132,0,1,43,128,0,1,44,132,0,27,40,5,2,8,38,375,40,5,52,120,0,7,46,52,379,1,47,133,0,1,52,132,0,17,48,52,0,1,49,128,0,1,50,128,0,27,46,5,2,8,38,378,46,7,52,6,269,8,38,382,52,8,38,383,384,8,38,393,426,8,38,372,32,27,36,3,1,4,36,10,0,1,37,78,0,9,38,0,0,5,46,120,0,7,40,46,379,1,41,128,0,1,42,132,0,1,43,128,0,1,44,132,0,27,40,5,2,8,38,375,40,5,52,120,0,7,46,52,379,1,47,133,0,1,52,132,0,17,48,52,0,1,49,133,0,1,52,132,0,17,50,52,0,27,46,5,2,8,38,378,46,7,52,6,269,8,38,382,52,8,38,383,384,8,38,393,426,8,38,372,32,27,36,3,1,4,36,10,0,1,37,78,0,9,38,0,0,5,46,120,0,7,40,46,379,1,41,128,0,1,42,133,0,1,43,133,0,1,44,128,0,27,40,5,2,8,38,375,40,5,52,120,0,7,46,52,379,1,47,133,0,1,52,133,0,17,48,52,0,1,49,128,0,1,50,128,0,27,46,5,2,8,38,378,46,7,52,6,277,8,38,382,52,8,38,383,384,8,38,372,32,27,36,3,1,4,33,10,0,1,34,78,0,9,35,0,0,8,35,361,427,5,43,120,0,7,37,43,379,1,38,133,0,1,39,128,0,1,40,133,0,1,43,172,0,17,41,43,0,27,37,5,2,8,35,375,37,5,49,120,0,7,43,49,379,1,44,128,0,1,45,128,0,1,46,128,0,1,47,128,0,27,43,5,2,8,35,378,43,8,35,399,389,8,35,372,32,27,33,3,2,4,37,13,0,4,38,33,0,1,39,173,0,1,40,66,0,1,41,128,0,1,42,128,0,27,37,6,1,4,37,10,0,1,38,174,0,9,39,0,0,5,43,70,0,7,42,43,431,7,41,42,432,8,39,431,41,5,44,70,0,7,43,44,433,7,42,43,434,8,39,433,42,5,45,70,0,7,44,45,435,7,43,44,408,8,39,435,43,5,46,70,0,7,45,46,436,7,44,45,437,8,39,436,44,5,49,182,0,7,45,49,379,1,46,128,0,1,47,66,0,27,45,3,2,8,39,317,45,8,39,372,33,27,37,3,1,4,34,10,0,1,35,78,0,9,36,0,0,8,36,361,439,5,44,120,0,7,38,44,379,1,39,133,0,1,40,128,0,1,41,128,0,1,42,184,0,27,38,5,2,8,36,375,38,5,50,120,0,7,44,50,379,1,45,128,0,1,46,128,0,1,47,133,0,1,50,184,0,17,48,50,0,27,44,5,2,8,36,378,44,8,36,399,389,8,36,372,32,27,34,3,2,4,38,13,0,4,39,34,0,1,40,66,0,1,41,173,0,1,42,128,0,1,43,128,0,27,38,6,1,4,38,10,0,1,39,174,0,9,40,0,0,5,44,70,0,7,43,44,431,7,42,43,432,8,40,431,42,5,45,70,0,7,44,45,433,7,43,44,434,8,40,433,43,5,46,70,0,7,45,46,435,7,44,45,408,8,40,435,44,5,47,70,0,7,46,47,436,7,45,46,441,8,40,436,45,5,50,182,0,7,46,50,379,1,47,128,0,1,48,66,0,27,46,3,2,8,40,317,46,8,40,372,34,27,38,3,1,4,35,10,0,1,36,78,0,9,37,0,0,8,37,361,337,5,45,120,0,7,39,45,379,1,40,133,0,7,45,7,315,17,41,45,0,1,42,133,0,7,45,7,313,17,43,45,0,27,39,5,2,8,37,375,39,5,51,120,0,7,45,51,379,1,46,128,0,7,47,7,315,1,48,128,0,7,49,7,313,27,45,5,2,8,37,378,45,8,37,399,389,8,37,442,386,8,37,372,20,27,35,3,2,9,39,0,0,9,40,0,0,8,39,443,40,2,41,0,0,8,39,385,41,8,39,444,18,8,39,374,20,4,5,39,0,9,39,0,0,9,40,0,0,8,39,445,40,9,41,0,0,8,39,446,41,9,42,0,0,8,39,447,42,9,43,0,0,8,39,448,43,9,44,0,0,8,39,449,44,9,45,0,0,8,39,450,45,8,5,451,39,34,36,14,0,34,37,15,0,34,39,16,0,8,5,452,39,34,39,17,0,8,5,453,39,34,39,18,0,8,5,454,39,7,39,7,309,13,38,39,381,7,39,7,311,4,40,10,0,1,41,78,0,9,42,0,0,8,42,361,455,5,48,120,0,7,44,48,377,4,45,38,0,4,46,39,0,27,44,3,2,8,42,375,44,5,54,120,0,7,48,54,379,1,49,124,0,7,55,7,309,17,54,55,0,13,50,54,381,1,51,124,0,7,55,7,311,17,54,55,0,13,52,54,381,27,48,5,2,8,42,378,48,7,54,6,263,8,42,382,54,8,42,383,384,8,42,395,340,8,42,393,384,8,42,442,340,8,42,372,18,27,40,3,2,4,44,10,0,1,45,200,0,9,46,0,0,5,52,182,0,7,48,52,379,1,49,128,0,1,50,132,0,27,48,3,2,8,46,457,48,8,46,372,40,27,44,3,1,4,44,10,0,1,45,78,0,9,46,0,0,8,46,361,458,5,54,120,0,7,48,54,379,1,49,128,0,1,50,133,0,1,51,133,0,1,54,138,0,17,52,54,0,27,48,5,2,8,46,375,48,5,60,120,0,7,54,60,379,1,55,133,0,1,60,133,0,17,56,60,0,1,57,128,0,1,58,173,0,27,54,5,2,8,46,378,54,7,60,6,277,8,46,382,60,8,46,383,384,8,46,393,270,8,46,372,40,27,44,3,1,4,44,10,0,1,45,78,0,9,46,0,0,5,54,120,0,7,48,54,379,1,49,128,0,1,50,173,0,1,51,128,0,1,52,173,0,27,48,5,2,8,46,375,48,5,58,120,0,7,54,58,377,1,55,128,0,1,56,128,0,27,54,3,2,8,46,378,54,7,58,6,263,8,46,382,58,8,46,383,384,8,46,393,429,8,46,372,40,27,44,3,1,4,44,10,0,1,45,78,0,9,46,0,0,5,54,120,0,7,48,54,379,1,49,128,0,1,50,173,0,1,51,128,0,1,52,173,0,27,48,5,2,8,46,375,48,5,60,120,0,7,54,60,379,1,55,128,0,1,56,128,0,1,57,133,0,1,60,173,0,17,58,60,0,27,54,5,2,8,46,378,54,7,60,6,263,8,46,382,60,8,46,383,384,8,46,393,429,8,46,372,40,27,44,3,1,4,44,10,0,1,45,78,0,9,46,0,0,5,54,120,0,7,48,54,379,1,49,128,0,1,50,133,0,1,51,133,0,1,52,128,0,27,48,5,2,8,46,375,48,5,58,120,0,7,54,58,377,1,55,128,0,1,56,128,0,27,54,3,2,8,46,378,54,7,58,6,277,8,46,382,58,8,46,383,384,8,46,393,270,8,46,372,40,27,44,3,1,4,41,10,0,1,42,78,0,9,43,0,0,8,43,361,281,5,51,120,0,7,45,51,379,1,46,133,0,1,47,128,0,1,48,128,0,7,49,7,313,27,45,5,2,8,43,375,45,7,51,6,281,8,43,382,51,8,43,383,384,8,43,393,459,8,43,372,40,27,41,3,2,4,45,10,0,1,46,200,0,9,47,0,0,5,53,182,0,7,49,53,379,1,50,128,0,1,51,132,0,27,49,3,2,8,47,457,49,8,47,372,41,27,45,3,1,4,45,10,0,1,46,78,0,9,47,0,0,5,55,120,0,7,49,55,379,1,50,128,0,1,51,173,0,1,52,128,0,1,53,173,0,27,49,5,2,8,47,375,49,5,59,120,0,7,55,59,377,1,56,128,0,1,57,128,0,27,55,3,2,8,47,378,55,7,59,6,281,8,47,382,59,8,47,383,384,8,47,393,429,8,47,372,41,27,45,3,1,4,45,10,0,1,46,78,0,9,47,0,0,5,55,120,0,7,49,55,379,1,50,133,0,1,51,128,0,1,52,128,0,1,53,132,0,27,49,5,2,8,47,375,49,5,61,120,0,7,55,61,379,1,56,128,0,1,57,128,0,1,58,133,0,1,61,132,0,17,59,61,0,27,55,5,2,8,47,378,55,7,61,6,281,8,47,382,61,8,47,383,384,8,47,393,460,8,47,372,41,27,45,3,1,4,45,10,0,1,46,78,0,9,47,0,0,5,55,120,0,7,49,55,379,1,50,133,0,1,51,128,0,1,52,128,0,1,53,133,0,27,49,5,2,8,47,375,49,5,61,120,0,7,55,61,379,1,56,128,0,1,57,128,0,1,58,133,0,1,61,133,0,17,59,61,0,27,55,5,2,8,47,378,55,7,61,6,282,8,47,382,61,8,47,383,384,8,47,393,426,8,47,372,41,27,45,3,1,4,42,10,0,1,43,145,0,9,44,0,0,8,44,361,335,5,52,120,0,7,46,52,379,1,47,133,0,1,52,205,0,17,48,52,0,1,49,133,0,1,50,128,0,27,46,5,2,8,44,375,46,5,56,120,0,7,52,56,377,1,53,16,0,1,54,128,0,27,52,3,2,8,44,378,52,8,44,399,389,8,44,293,352,7,56,6,293,8,44,403,56,8,44,404,318,7,57,7,332,8,44,325,57,5,60,70,0,7,59,60,407,7,58,59,415,8,44,407,58,8,44,393,322,8,44,372,41,27,42,3,2,4,43,10,0,1,44,160,0,9,45,0,0,8,45,361,336,5,51,120,0,7,47,51,377,1,48,27,0,1,49,27,0,27,47,3,2,8,45,375,47,5,57,120,0,7,51,57,379,1,52,133,0,1,57,161,0,17,53,57,0,1,54,128,0,7,58,7,313,11,57,58,283,13,55,57,381,27,51,5,2,8,45,378,51,7,57,6,281,8,45,382,57,8,45,383,384,8,45,293,418,8,45,419,340,8,45,393,322,8,45,372,41,27,43,3,2,4,47,11,0,4,48,43,0,1,49,66,0,27,47,3,1,4,44,16,0,4,45,43,0,7,46,9,305,1,47,62,0,7,48,6,297,27,44,5,2,7,54,43,420,36,50,54,421,34,52,19,0,27,50,3,1,7,54,43,422,36,50,54,421,34,52,20,0,27,50,3,1,4,45,10,0,1,46,78,0,9,47,0,0,8,47,361,337,5,56,120,0,7,50,56,379,1,51,133,0,1,52,128,0,1,53,133,0,7,56,7,313,17,54,56,0,27,50,5,2,8,47,375,50,5,62,120,0,7,56,62,379,1,57,128,0,1,58,128,0,1,59,128,0,7,60,7,313,27,56,5,2,8,47,378,56,8,47,399,389,8,47,442,386,8,47,393,459,8,47,372,40,27,45,3,2,4,46,10,0,1,47,78,0,9,48,0,0,8,48,361,338,5,56,120,0,7,50,56,379,1,51,133,0,1,57,125,0,17,56,57,0,7,57,7,317,12,52,56,57,1,53,133,0,1,57,125,0,17,56,57,0,7,57,7,317,12,54,56,57,27,50,5,2,8,48,375,50,5,60,120,0,7,56,60,377,7,57,7,317,7,58,7,317,27,56,3,2,8,48,378,56,8,48,399,389,8,48,393,460,8,48,372,45,27,46,3,2,4,50,10,0,1,51,174,0,9,52,0,0,5,56,70,0,7,55,56,431,7,54,55,432,8,52,431,54,5,57,70,0,7,56,57,433,7,55,56,434,8,52,433,55,5,60,182,0,7,56,60,379,1,57,128,0,7,58,7,319,27,56,3,2,8,52,317,56,8,52,372,46,27,50,3,1,4,50,40,0,8,8,334,50,4,50,41,0,8,8,281,50,4,50,42,0,8,8,335,50,4,50,43,0,8,8,336,50,4,50,45,0,8,8,337,50,4,50,46,0,8,8,338,50,7,54,43,423,36,50,54,421,34,52,21,0,27,50,3,1,39,40,0,0,3,40,1,0,3,41,0,0,34,42,22,0,8,5,462,42,34,42,23,0,8,5,463,42,34,42,24,0,8,5,464,42,34,42,25,0,8,5,465,42,34,42,26,0,8,5,466,42,34,42,27,0,8,5,467,42,34,42,28,0,8,5,468,42,34,42,29,0,8,5,469,42,7,46,1,424,36,42,46,421,34,44,30,0,27,42,3,1,5,47,8,0,7,42,47,265,1,43,214,0,1,44,215,0,1,45,216,0,27,42,4,2,8,6,473,42,7,42,6,285,8,6,474,42,5,47,8,0,7,42,47,265,1,43,219,0,1,44,219,0,1,45,220,0,27,42,4,2,8,6,477,42,5,47,8,0,7,42,47,265,1,43,22,0,1,44,23,0,1,45,24,0,27,42,4,2,8,6,478,42,7,42,6,285,8,6,479,42,5,47,8,0,7,42,47,265,1,43,27,0,1,44,28,0,1,45,142,0,27,42,4,2,8,6,480,42,5,47,8,0,7,42,47,265,1,43,225,0,1,44,161,0,1,45,215,0,27,42,4,2,8,6,482,42,1,42,142,0,8,7,483,42,1,42,228,0,8,7,485,42,1,42,62,0,8,7,477,42,9,42,0,0,34,43,31,0,8,5,486,43,34,43,32,0,8,5,487,43,7,43,6,488,25,43,0,1,21,0,6,0,5,48,8,0,7,43,48,265,1,44,233,0,1,45,233,0,1,46,234,0,27,43,4,2,8,6,488,43,34,43,33,0,34,44,34,0,34,45,35,0,8,5,491,45,9,45,0,0,34,46,36,0,8,5,492,46,34,46,37,0,8,5,493,46,34,46,38,0,8,5,494,46,34,46,39,0,8,5,495,46,34,46,40,0,8,5,496,46,34,46,41,0,8,5,497,46,34,46,42,0,8,5,498,46,4,46,10,0,1,47,78,0,9,48,0,0,8,48,361,499,5,54,120,0,7,50,54,377,1,51,244,0,1,52,245,0,27,50,3,2,8,48,375,50,5,60,120,0,7,54,60,379,1,55,133,0,1,60,156,0,17,56,60,0,1,57,128,0,1,58,138,0,27,54,5,2,8,48,378,54,8,48,399,389,8,48,372,18,8,48,393,367,27,46,3,2,4,50,10,0,1,51,174,0,9,52,0,0,5,56,70,0,7,55,56,431,7,54,55,432,8,52,431,54,5,57,70,0,7,56,57,433,7,55,56,434,8,52,433,55,5,58,70,0,7,57,58,436,7,56,57,437,8,52,436,56,5,59,70,0,7,58,59,435,7,57,58,502,8,52,435,57,5,62,182,0,7,58,62,379,1,59,128,0,1,60,66,0,27,58,3,2,8,52,317,58,8,52,372,46,27,50,3,1,9,47,0,0,1,48,128,0,9,49,0,0,5,55,8,0,7,50,55,265,1,51,248,0,1,52,249,0,1,53,172,0,27,50,4,2,8,49,503,50,5,60,8,0,7,55,60,265,1,56,50,0,1,57,51,0,1,58,52,0,27,55,4,2,8,49,506,55,7,60,6,285,8,49,507,60,9,50,0,0,8,50,503,508,8,50,506,358,8,50,507,509,34,51,43,0,8,5,510,51,5,55,0,0,36,51,55,257,1,53,255,0,27,51,3,2,9,52,0,0,1,56,256,0,43,57,0,0,44,257,0,0,8,52,57,56,9,56,0,0,43,57,0,0,44,258,0,0,8,52,57,56,9,56,0,0,43,57,0,0,44,259,0,0,9,58,0,0,43,59,0,0,44,260,0,0,34,60,44,0,8,58,59,60,43,61,0,0,44,261,0,0,34,62,45,0,8,58,61,62,8,56,57,58,43,59,0,0,44,262,0,0,9,60,0,0,43,61,0,0,44,260,0,0,34,62,46,0,8,60,61,62,43,63,0,0,44,261,0,0,34,64,47,0,8,60,63,64,8,56,59,60,43,61,0,0,44,263,0,0,9,62,0,0,43,63,0,0,44,260,0,0,34,64,48,0,8,62,63,64,43,65,0,0,44,261,0,0,34,66,49,0,8,62,65,66,8,56,61,62,43,63,0,0,44,264,0,0,9,64,0,0,43,65,0,0,44,260,0,0,34,66,50,0,8,64,65,66,43,67,0,0,44,261,0,0,34,68,51,0,8,64,67,68,8,56,63,64,43,65,0,0,44,265,0,0,9,66,0,0,43,67,0,0,44,260,0,0,34,68,52,0,8,66,67,68,43,69,0,0,44,261,0,0,34,70,53,0,8,66,69,70,8,56,65,66,43,67,0,0,44,266,0,0,9,68,0,0,43,69,0,0,44,260,0,0,34,70,54,0,8,68,69,70,43,71,0,0,44,261,0,0,34,72,55,0,8,68,71,72,8,56,67,68,43,57,0,0,44,267,0,0,8,52,57,56,34,56,56,0,43,57,0,0,44,268,0,0,8,52,57,56,34,56,57,0,43,57,0,0,44,269,0,0,8,52,57,56,34,56,58,0,43,57,0,0,44,270,0,0,8,52,57,56,34,56,59,0,43,57,0,0,44,260,0,0,8,52,57,56,34,56,60,0,43,57,0,0,44,261,0,0,8,52,57,56,2,56,0,0,43,57,0,0,44,271,0,0,8,52,57,56,34,56,61,0,43,57,0,0,44,272,0,0,8,52,57,56,34,56,62,0,43,57,0,0,44,273,0,0,8,52,57,56,34,56,63,0,43,57,0,0,44,274,0,0,8,52,57,56,34,56,64,0,43,57,0,0,44,275,0,0,8,52,57,56,34,56,65,0,43,57,0,0,44,276,0,0,8,52,57,56,34,56,66,0,43,57,0,0,44,277,0,0,8,52,57,56,34,56,67,0,43,57,0,0,44,278,0,0,8,52,57,56,43,59,0,0,44,268,0,0,36,56,52,59,27,56,2,1,4,56,52,0,43,57,0,0,44,279,0,0,8,5,57,56,34,56,68,0,43,57,0,0,44,280,0,0,8,5,57,56,9,56,0,0,43,57,0,0,44,281,0,0,8,56,57,32,8,56,427,33,8,56,439,34,8,5,269,56,4,56,6,0,43,57,0,0,44,282,0,0,8,5,57,56,4,56,7,0,43,57,0,0,44,283,0,0,8,5,57,56,4,56,9,0,43,57,0,0,44,284,0,0,8,5,57,56,36,53,5,452,1,55,98,0,1,56,99,0,7,60,5,269,7,57,60,439,1,58,133,0,27,53,6,2,36,60,5,496,1,62,98,0,1,63,159,0,1,64,133,0,27,60,5,1,36,54,5,454,1,56,98,0,1,57,159,0,1,58,285,0,1,59,125,0,27,54,6,2,36,61,5,497,1,63,286,0,9,64,0,0,43,66,0,0,44,287,0,0,8,64,293,66,43,67,0,0,44,288,0,0,8,64,67,54,27,61,4,1,36,61,5,497,1,63,289,0,9,64,0,0,43,66,0,0,44,290,0,0,8,64,293,66,43,67,0,0,44,288,0,0,8,64,67,54,27,61,4,1,36,61,5,497,1,63,291,0,9,64,0,0,43,66,0,0,44,292,0,0,8,64,293,66,43,67,0,0,44,288,0,0,8,64,67,54,27,61,4,1,36,55,5,454,1,57,98,0,1,58,246,0,1,59,293,0,1,60,133,0,27,55,6,2,36,62,5,497,1,64,294,0,9,65,0,0,43,67,0,0,44,295,0,0,8,65,293,67,43,68,0,0,44,288,0,0,8,65,68,55,27,62,4,1,36,62,5,497,1,64,296,0,9,65,0,0,43,67,0,0,44,297,0,0,8,65,293,67,43,68,0,0,44,288,0,0,8,65,68,55,27,62,4,1,36,62,5,497,1,64,298,0,9,65,0,0,43,67,0,0,44,299,0,0,8,65,293,67,43,68,0,0,44,288,0,0,8,65,68,55,27,62,4,1,36,56,5,454,1,58,98,0,1,59,246,0,1,60,300,0,1,61,125,0,27,56,6,2,36,63,5,497,1,65,301,0,9,66,0,0,43,68,0,0,44,302,0,0,8,66,293,68,43,69,0,0,44,288,0,0,8,66,69,56,27,63,4,1,36,63,5,497,1,65,303,0,9,66,0,0,43,68,0,0,44,304,0,0,8,66,293,68,43,69,0,0,44,288,0,0,8,66,69,56,27,63,4,1,36,63,5,497,1,65,305,0,9,66,0,0,43,68,0,0,44,306,0,0,8,66,293,68,43,69,0,0,44,288,0,0,8,66,69,56,27,63,4,1,36,57,5,454,1,59,98,0,1,60,246,0,1,61,307,0,1,62,203,0,27,57,6,2,36,64,5,495,1,66,308,0,9,67,0,0,43,69,0,0,44,309,0,0,8,67,293,69,43,70,0,0,44,288,0,0,8,67,70,57,43,71,0,0,44,310,0,0,34,72,69,0,8,67,71,72,27,64,4,1,36,58,5,452,1,60,100,0,1,61,101,0,7,65,5,269,7,62,65,439,1,63,125,0,27,58,6,2,43,71,0,0,44,280,0,0,36,65,5,71,1,67,100,0,1,68,159,0,1,69,133,0,27,65,5,1,4,65,5,0,29,65,2,0}
local _dP={{K={"Instance","new","pairs"},C={5,5,0,0,7,2,5,257,4,3,0,0,27,2,2,2,5,3,2,0,4,4,1,0,25,4,0,1,21,0,1,0,9,4,0,0,27,3,2,4,42,3,0,0,32,3,0,2,21,0,4,0,4,8,7,0,8,2,6,8,39,6,0,0,21,0,-6,0,4,5,2,0,29,5,2,0},P={},U=nil,nParams=2,mR=9,vA=false},{K={"UICorner","CornerRadius","UDim","new",0,"Corner","Parent"},C={37,2,0,0,1,3,0,0,9,4,0,0,5,10,2,0,7,6,10,259,1,7,4,0,4,8,1,0,25,8,0,1,21,0,2,0,37,10,1,0,7,8,10,261,27,6,3,2,8,4,257,6,8,4,262,0,27,2,3,0,29,2,0,0},P={},U={{1,10},{1,7}},nParams=2,mR=11,vA=false},{K={"UIStroke","Color","PanelStroke","Thickness",1,"Transparency",0,"ApplyStrokeMode","Enum","Border","Parent"},C={37,4,0,0,1,5,0,0,9,6,0,0,4,8,1,0,25,8,0,1,21,0,2,0,37,9,1,0,7,8,9,258,8,6,257,8,4,9,2,0,25,9,0,1,21,0,1,0,1,9,4,0,8,6,259,9,4,10,3,0,25,10,0,1,21,0,1,0,1,10,6,0,8,6,261,10,5,13,8,0,7,12,13,263,7,11,12,265,8,6,263,11,8,6,266,0,27,4,3,0,29,4,0,0},P={},U={{1,10},{1,6}},nParams=4,mR=14,vA=false},{K={"UIPadding","PaddingTop","UDim","new",0,"PaddingBottom","PaddingLeft","PaddingRight","Parent"},C={37,5,0,0,1,6,0,0,9,7,0,0,5,13,2,0,7,9,13,259,1,10,4,0,4,11,1,0,25,11,0,1,21,0,1,0,1,11,4,0,27,9,3,2,8,7,257,9,5,17,2,0,7,13,17,259,1,14,4,0,4,15,2,0,25,15,0,1,21,0,1,0,4,15,1,0,25,15,0,1,21,0,1,0,1,15,4,0,27,13,3,2,8,7,261,13,5,21,2,0,7,17,21,259,1,18,4,0,4,19,3,0,25,19,0,1,21,0,1,0,4,19,1,0,25,19,0,1,21,0,1,0,1,19,4,0,27,17,3,2,8,7,262,17,5,25,2,0,7,21,25,259,1,22,4,0,4,23,4,0,25,23,0,1,21,0,1,0,4,23,3,0,25,23,0,1,21,0,1,0,4,23,1,0,25,23,0,1,21,0,1,0,1,23,4,0,27,21,3,2,8,7,263,21,8,7,264,0,27,5,3,0,29,5,0,0},P={},U={{1,10}},nParams=5,mR=26,vA=false},{K={"Create","TweenInfo","new","Enum","EasingStyle","Quad","EasingDirection","Out","Play"},C={37,12,0,0,36,6,12,256,4,8,0,0,5,14,1,0,7,9,14,258,4,10,1,0,5,15,3,0,7,14,15,260,7,11,14,261,5,15,3,0,7,14,15,262,7,12,14,263,27,9,4,2,4,10,2,0,27,6,5,2,36,3,6,264,27,3,2,1,29,0,1,0},P={},U={{1,2}},nParams=3,mR=16,vA=false},{K={"Instance","new","TextLabel","UDim2","fromOffset","Size",0.5,2,"Position",1,"BackgroundTransparency","circle","Text","TextColor3","TextSize","Font","FontFace","Enum","TextXAlignment","Center","TextYAlignment","Parent"},C={5,7,0,0,7,4,7,257,1,5,2,0,27,4,2,2,5,11,3,0,7,7,11,260,4,8,2,0,4,9,2,0,27,7,3,2,8,4,261,7,5,13,3,0,7,7,13,257,1,8,6,0,17,13,2,0,13,9,13,263,1,10,6,0,17,13,2,0,13,11,13,263,27,7,5,2,8,4,264,7,1,7,9,0,8,4,266,7,4,7,1,0,25,7,0,1,21,0,1,0,1,7,11,0,8,4,268,7,4,7,3,0,8,4,269,7,4,7,2,0,8,4,270,7,5,10,15,0,7,7,10,257,37,8,0,0,27,7,2,2,8,4,272,7,5,9,17,0,7,8,9,274,7,7,8,275,8,4,274,7,5,9,17,0,7,8,9,276,7,7,8,275,8,4,276,7,4,7,0,0,8,4,277,7,4,7,4,0,29,7,2,0},P={},U={{1,15}},nParams=4,mR=18,vA=false},{K={1,2,"ImageColor3","TextColor3"},C={10,4,256,256,22,0,4,257,21,0,1,0,3,3,1,1,3,3,0,0,25,3,0,0,21,0,1,0,4,3,1,0,25,3,0,0,21,0,3,0,4,3,2,0,8,0,258,3,21,0,2,0,4,3,2,0,8,0,259,3,29,0,1,0},P={},U=nil,nParams=3,mR=5,vA=false},{K={"Parent"},C={37,0,0,0,37,1,1,0,8,1,256,0,29,0,1,0},P={},U={{1,3},{1,18}},nParams=0,mR=2,vA=false},{K={100,7,2,"Parent",1.6,"BackgroundTransparency",0.9,"TextTransparency",0.2,"task","wait",0.7,0},C={14,1,256,257,22,0,1,258,21,0,1,0,3,0,1,1,3,0,0,0,25,0,0,0,21,0,2,0,37,1,0,0,7,0,1,259,25,0,0,0,21,0,33,0,37,0,1,0,37,1,2,0,1,2,4,0,9,3,0,0,8,3,261,262,27,0,4,1,37,0,1,0,37,1,3,0,1,2,4,0,9,3,0,0,8,3,263,264,27,0,4,1,5,3,9,0,7,0,3,266,1,1,4,0,27,0,2,1,37,0,1,0,37,1,2,0,1,2,4,0,9,3,0,0,8,3,261,267,27,0,4,1,37,0,1,0,37,1,3,0,1,2,4,0,9,3,0,0,8,3,263,268,27,0,4,1,5,3,9,0,7,0,3,266,1,1,4,0,27,0,2,1,21,0,-44,0,29,0,1,0},P={},U={{1,25},{1,14},{1,26},{1,27}},nParams=0,mR=10,vA=false},{K={"Anim","BackgroundColor3","Close","Color3","new",1},C={37,0,0,0,37,1,1,0,37,5,2,0,7,2,5,256,9,3,0,0,37,6,3,0,7,5,6,258,8,3,257,5,27,0,4,1,37,0,4,0,37,1,5,0,37,2,6,0,5,8,3,0,7,3,8,260,1,4,5,0,1,5,5,0,1,6,5,0,27,3,4,0,27,0,0,1,29,0,1,0},P={},U={{1,14},{1,29},{1,7},{1,6},{1,17},{1,30},{1,31}},nParams=0,mR=9,vA=false},{K={"Anim","BackgroundColor3","Header","TextDim"},C={37,0,0,0,37,1,1,0,37,5,2,0,7,2,5,256,9,3,0,0,37,6,3,0,7,5,6,258,8,3,257,5,27,0,4,1,37,0,4,0,37,1,5,0,37,2,6,0,37,5,3,0,7,3,5,259,27,0,4,1,29,0,1,0},P={},U={{1,14},{1,29},{1,7},{1,6},{1,17},{1,30},{1,31}},nParams=0,mR=7,vA=false},{K={12,144,"CloseMenu"},C={12,1,256,256,22,0,1,257,21,0,1,0,3,0,1,1,3,0,0,0,25,0,0,0,21,0,5,0,37,0,0,0,25,0,0,0,21,0,2,0,37,1,0,0,7,0,1,258,25,0,0,0,21,0,4,0,37,3,0,0,36,0,3,258,27,0,2,1,21,0,0,0,29,0,1,0},P={},U={{1,5}},nParams=0,mR=4,vA=false},{K={3,2,9,"UserInputType","Enum","MouseButton1","Touch","Position","Changed","Connect"},C={15,2,256,257,22,0,2,258,21,0,1,0,3,1,1,1,3,1,0,0,25,1,0,0,21,0,18,0,7,2,0,259,5,5,4,0,7,4,5,259,7,3,4,261,22,0,2,3,21,0,1,0,3,1,1,1,3,1,0,0,25,1,0,1,21,0,8,0,7,2,0,259,5,5,4,0,7,4,5,259,7,3,4,262,22,0,2,3,21,0,1,0,3,1,1,1,3,1,0,0,25,1,0,0,21,0,12,0,3,1,1,0,38,1,0,0,7,1,0,263,38,1,1,0,37,2,2,0,7,1,2,263,38,1,3,0,7,5,0,264,36,1,5,265,34,3,0,0,27,1,3,1,21,0,0,0,29,0,1,0},P={{K={7,49,"UserInputState","Enum","End"},C={12,1,256,256,22,0,1,257,21,0,1,0,3,0,1,1,3,0,0,0,25,0,0,0,21,0,9,0,37,2,0,0,7,1,2,258,5,4,3,0,7,3,4,258,7,2,3,260,22,0,1,2,21,0,1,0,3,0,1,1,3,0,0,0,25,0,0,0,21,0,3,0,3,0,0,0,38,0,1,0,21,0,0,0,29,0,1,0},P={},U={{1,0},{0,0}},nParams=0,mR=5,vA=false}},U={{1,32},{1,33},{1,20},{1,34}},nParams=1,mR=6,vA=false},{K={1,2,15,225,"UserInputType","Enum","MouseMovement","Touch","Position","UDim2","new","X","Scale","Offset","Y",100,7,"Frame","Opened","W",0},C={10,2,256,256,22,0,2,257,21,0,1,0,3,1,1,1,3,1,0,0,25,1,0,0,21,0,2,0,37,2,0,0,18,1,2,0,25,1,0,0,21,0,2,0,29,0,1,0,21,0,0,0,12,2,258,258,22,0,2,259,21,0,1,0,3,1,1,1,3,1,0,0,25,1,0,0,21,0,18,0,7,2,0,260,5,5,5,0,7,4,5,260,7,3,4,262,22,0,2,3,21,0,1,0,3,1,1,1,3,1,0,0,25,1,0,1,21,0,8,0,7,2,0,260,5,5,5,0,7,4,5,260,7,3,4,263,22,0,2,3,21,0,1,0,3,1,1,1,3,1,0,0,25,1,0,0,21,0,74,0,7,2,0,264,37,3,1,0,11,1,2,3,5,8,9,0,7,2,8,266,37,9,2,0,7,8,9,267,7,3,8,268,37,10,2,0,7,9,10,267,7,8,9,269,7,9,1,267,10,4,8,9,37,9,2,0,7,8,9,270,7,5,8,268,37,10,2,0,7,9,10,270,7,8,9,269,7,9,1,270,10,6,8,9,27,2,5,2,37,8,3,0,8,8,264,2,14,3,271,272,22,0,3,257,21,0,1,0,3,2,1,1,3,2,0,0,25,2,0,0,21,0,5,0,37,2,4,0,25,2,0,0,21,0,2,0,37,3,4,0,7,2,3,273,25,2,0,0,21,0,34,0,37,3,4,0,7,2,3,274,25,2,0,0,21,0,2,0,37,3,5,0,7,2,3,275,25,2,0,1,21,0,1,0,1,2,20,0,5,9,9,0,7,3,9,266,37,11,3,0,7,10,11,264,7,9,10,267,7,4,9,268,37,12,3,0,7,11,12,264,7,10,11,267,7,9,10,269,10,5,9,2,37,11,3,0,7,10,11,264,7,9,10,270,7,6,9,268,37,11,3,0,7,10,11,264,7,9,10,270,7,7,9,269,27,3,5,2,37,10,4,0,7,9,10,273,8,9,264,3,39,2,0,0,21,0,0,0,39,1,0,0,21,0,0,0,29,0,1,0},P={},U={{1,32},{1,33},{1,34},{1,20},{1,8},{1,7}},nParams=1,mR=21,vA=false},{K={"TextButton","Size","UDim2","fromOffset",40,"BackgroundColor3","Sidebar","BorderSizePixel",0,"Text","","AutoButtonColor",false,"LayoutOrder","Parent",6,20,"TextDim","Frame","Name","Bar","new",3,18,"Position",0.5,9,"Accent","Visible",2},C={37,3,0,0,1,4,0,0,9,5,0,0,5,11,2,0,7,7,11,259,1,8,4,0,1,9,4,0,27,7,3,2,8,5,257,7,37,12,1,0,7,11,12,262,8,5,261,11,8,5,263,264,8,5,265,266,8,5,267,268,8,5,269,2,8,5,270,0,27,3,3,2,37,7,2,0,4,8,3,0,1,9,15,0,27,7,3,1,37,4,3,0,4,5,3,0,4,6,1,0,1,7,16,0,37,10,1,0,7,8,10,273,27,4,5,3,37,6,0,0,1,7,18,0,9,8,0,0,8,8,275,276,5,16,2,0,7,10,16,277,1,11,8,0,1,12,22,0,1,13,8,0,1,14,23,0,27,10,5,2,8,8,257,10,5,22,2,0,7,16,22,277,1,17,8,0,1,22,15,0,17,18,22,0,1,19,25,0,1,22,26,0,17,20,22,0,27,16,5,2,8,8,280,16,37,23,1,0,7,22,23,283,8,8,261,22,8,8,263,264,8,8,284,268,8,8,270,3,27,6,3,2,37,10,2,0,4,11,6,0,1,12,29,0,27,10,3,1,4,10,3,0,4,11,4,0,4,12,5,0,4,13,6,0,29,10,5,0},P={},U={{1,10},{1,6},{1,11},{1,16}},nParams=3,mR=30,vA=false},{K={"Frame","Size","UDim2","new",1,0,"BackgroundTransparency","Visible",false,"Parent","ScrollingFrame",0.5,"GroupGap",2,"Position","BorderSizePixel","CanvasSize","AutomaticCanvasSize","Enum","AutomaticSize","Y","ScrollBarThickness",4,"ScrollBarImageColor3","PanelStroke","ScrollBarImageTransparency",0.3,"Padding","UIListLayout","FillDirection","Vertical","SortOrder","LayoutOrder","HorizontalAlignment","Left","VerticalAlignment","Top","UDim"},C={37,0,0,0,1,1,0,0,9,2,0,0,5,10,2,0,7,4,10,259,1,5,4,0,1,6,5,0,1,7,4,0,1,8,5,0,27,4,5,2,8,2,257,4,8,2,262,260,8,2,263,264,37,10,1,0,8,2,265,10,27,0,3,2,37,4,2,0,4,5,0,0,1,6,5,0,1,7,5,0,1,8,5,0,1,9,5,0,27,4,6,1,37,1,0,0,1,2,10,0,9,3,0,0,5,11,2,0,7,5,11,259,1,6,11,0,37,13,3,0,7,12,13,268,17,11,12,0,13,7,11,269,1,8,4,0,1,9,5,0,27,5,5,2,8,3,257,5,5,17,2,0,7,11,17,259,1,12,5,0,1,13,5,0,1,14,5,0,1,15,5,0,27,11,5,2,8,3,270,11,8,3,262,260,8,3,271,261,5,23,2,0,7,17,23,259,1,18,5,0,1,19,5,0,1,20,5,0,1,21,5,0,27,17,5,2,8,3,272,17,5,25,18,0,7,24,25,275,7,23,24,276,8,3,273,23,8,3,277,278,37,25,4,0,7,24,25,280,8,3,279,24,8,3,281,282,8,3,265,0,27,1,3,2,37,5,2,0,4,6,1,0,37,12,3,0,7,7,12,283,37,12,3,0,7,8,12,283,37,12,3,0,7,9,12,283,37,12,3,0,7,10,12,283,27,5,6,1,37,5,0,0,1,6,28,0,9,7,0,0,5,11,18,0,7,10,11,285,7,9,10,286,8,7,285,9,5,12,18,0,7,11,12,287,7,10,11,288,8,7,287,10,5,13,18,0,7,12,13,289,7,11,12,290,8,7,289,11,5,14,18,0,7,13,14,291,7,12,13,292,8,7,291,12,5,17,37,0,7,13,17,259,1,14,5,0,37,17,3,0,7,15,17,268,27,13,3,2,8,7,283,13,8,7,265,1,27,5,3,1,37,2,0,0,1,3,10,0,9,4,0,0,5,12,2,0,7,6,12,259,1,7,11,0,37,14,3,0,7,13,14,268,17,12,13,0,13,8,12,269,1,9,4,0,1,10,5,0,27,6,5,2,8,4,257,6,5,18,2,0,7,12,18,259,1,13,11,0,37,19,3,0,7,18,19,268,13,14,18,269,1,15,5,0,1,16,5,0,27,12,5,2,8,4,270,12,8,4,262,260,8,4,271,261,5,24,2,0,7,18,24,259,1,19,5,0,1,20,5,0,1,21,5,0,1,22,5,0,27,18,5,2,8,4,272,18,5,26,18,0,7,25,26,275,7,24,25,276,8,4,273,24,8,4,277,278,37,26,4,0,7,25,26,280,8,4,279,25,8,4,281,282,8,4,265,0,27,2,3,2,37,6,2,0,4,7,2,0,37,13,3,0,7,8,13,283,37,13,3,0,7,9,13,283,37,13,3,0,7,10,13,283,37,13,3,0,7,11,13,283,27,6,6,1,37,6,0,0,1,7,28,0,9,8,0,0,5,12,18,0,7,11,12,285,7,10,11,286,8,8,285,10,5,13,18,0,7,12,13,287,7,11,12,288,8,8,287,11,5,14,18,0,7,13,14,289,7,12,13,290,8,8,289,12,5,15,18,0,7,14,15,291,7,13,14,292,8,8,291,13,5,18,37,0,7,14,18,259,1,15,5,0,37,18,3,0,7,16,18,268,27,14,3,2,8,8,283,14,8,8,265,2,27,6,3,1,4,6,0,0,4,7,1,0,4,8,2,0,29,6,4,0},P={},U={{1,10},{1,35},{1,13},{1,7},{1,6}},nParams=0,mR=38,vA=false},{K={"Tabs",1,"Icon","Glyph","IsImage","Bar","Page","Left","Right","MouseEnter","Connect","MouseLeave","MouseButton1Click",7,49,"Active","SelectTab"},C={37,5,0,0,4,6,3,0,25,6,0,1,21,0,1,0,37,6,1,0,4,7,2,0,4,8,4,0,25,8,0,1,21,0,4,0,37,12,2,0,7,11,12,256,19,10,11,0,10,8,10,257,27,5,4,5,37,9,3,0,27,9,1,4,9,12,0,0,8,12,258,5,8,12,259,6,8,12,260,7,8,12,261,8,8,12,262,9,8,12,263,10,8,12,264,11,37,14,2,0,7,13,14,256,8,13,1,12,7,16,5,265,36,12,16,266,34,14,0,0,27,12,3,1,7,16,5,267,36,12,16,266,34,14,1,0,27,12,3,1,7,16,5,268,36,12,16,266,34,14,2,0,27,12,3,1,12,13,269,269,22,0,13,270,21,0,1,0,3,12,1,1,3,12,0,0,25,12,0,0,21,0,3,0,37,14,2,0,7,13,14,271,18,12,13,0,25,12,0,0,21,0,5,0,37,16,2,0,36,12,16,272,4,14,1,0,27,12,3,1,21,0,0,0,37,14,2,0,7,13,14,256,7,12,13,1,29,12,2,0},P={{K={12,144,"Active","Text"},C={12,1,256,256,22,0,1,257,21,0,1,0,3,0,1,1,3,0,0,0,25,0,0,0,21,0,7,0,37,2,0,0,7,1,2,258,37,2,1,0,22,1,1,2,21,0,1,0,3,0,1,1,3,0,0,0,25,0,0,0,21,0,7,0,37,0,2,0,37,1,3,0,37,2,4,0,37,5,5,0,7,3,5,259,27,0,4,1,21,0,0,0,29,0,1,0},P={},U={{0,2},{1,1},{0,4},{1,6},{1,7},{0,5}},nParams=0,mR=6,vA=false},{K={3,2,9,"Active","TextDim"},C={15,1,256,257,22,0,1,258,21,0,1,0,3,0,1,1,3,0,0,0,25,0,0,0,21,0,7,0,37,2,0,0,7,1,2,259,37,2,1,0,22,1,1,2,21,0,1,0,3,0,1,1,3,0,0,0,25,0,0,0,21,0,7,0,37,0,2,0,37,1,3,0,37,2,4,0,37,5,5,0,7,3,5,260,27,0,4,1,21,0,0,0,29,0,1,0},P={},U={{0,2},{1,1},{0,4},{1,6},{1,7},{0,5}},nParams=0,mR=6,vA=false},{K={"SelectTab"},C={37,4,0,0,36,0,4,256,37,2,1,0,27,0,3,1,29,0,1,0},P={},U={{0,2},{1,1}},nParams=0,mR=5,vA=false}},U={{1,36},{1,33},{1,5},{1,37},{1,17},{1,6}},nParams=5,mR=17,vA=false},{K={1,2,"Active","Text","pairs","Tabs","Page","Visible","Bar","Glyph","IsImage","Accent","TextDim"},C={10,3,256,256,22,0,3,257,21,0,1,0,3,2,1,1,3,2,0,0,25,2,0,0,21,0,6,0,37,4,0,0,7,3,4,258,22,0,3,1,21,0,1,0,3,2,1,1,3,2,0,0,25,2,0,0,21,0,2,0,29,0,1,0,21,0,0,0,4,2,1,0,37,3,0,0,8,3,258,2,4,2,1,0,37,3,1,0,8,3,259,2,5,2,4,0,37,5,0,0,7,3,5,261,27,2,2,4,42,2,0,0,32,2,0,2,21,0,25,0,22,0,5,1,21,0,1,0,3,7,1,1,3,7,0,0,4,8,7,0,7,9,6,262,8,9,263,8,4,8,7,0,7,9,6,264,8,9,263,8,37,8,2,0,7,9,6,265,7,10,6,266,4,11,7,0,25,11,0,0,21,0,2,0,37,13,3,0,7,11,13,267,25,11,0,1,21,0,2,0,37,13,3,0,7,11,13,268,27,8,4,1,39,5,0,0,21,0,-27,0,29,0,1,0},P={},U={{1,5},{1,28},{1,17},{1,6}},nParams=2,mR=14,vA=false},{K={"Tabs",15,225,"Right","Left","Frame","Size","UDim2","new",1,0,30,"BackgroundColor3","Panel","BorderSizePixel","LayoutOrder","AutomaticSize","Enum","Y","Parent","Corner","PanelStroke",12,14,"TextLabel","BackgroundTransparency","Text","string","upper","TextColor3","TextGroup","TextSize",11,"Font","FontBold","TextXAlignment","Name","Container","Position",22,"UIListLayout","FillDirection","Vertical","SortOrder","Padding","UDim",10,"Groups"},C={37,7,0,0,7,6,7,256,7,5,6,1,12,7,257,257,22,0,7,258,21,0,1,0,3,6,1,1,3,6,0,0,25,6,0,0,21,0,1,0,18,6,5,0,25,6,0,0,21,0,2,0,29,0,1,0,21,0,0,0,22,0,2,259,21,0,1,0,3,6,1,1,3,6,0,0,25,6,0,0,21,0,1,0,7,6,5,259,25,6,0,1,21,0,1,0,7,6,5,260,37,7,1,0,1,8,5,0,9,9,0,0,5,17,7,0,7,11,17,264,1,12,9,0,1,13,10,0,1,14,10,0,1,15,11,0,27,11,5,2,8,9,262,11,37,18,2,0,7,17,18,269,8,9,268,17,8,9,270,266,4,18,4,0,25,18,0,1,21,0,1,0,1,18,9,0,8,9,271,18,5,21,17,0,7,20,21,272,7,19,20,274,8,9,272,19,8,9,275,6,27,7,3,2,37,11,3,0,4,12,7,0,37,15,4,0,7,13,15,276,27,11,3,1,37,11,5,0,4,12,7,0,37,17,2,0,7,13,17,277,1,14,9,0,1,15,10,0,27,11,5,1,37,11,6,0,4,12,7,0,1,13,22,0,1,14,22,0,1,15,23,0,1,16,23,0,27,11,6,1,37,11,1,0,1,12,24,0,9,13,0,0,5,21,7,0,7,15,21,264,1,16,9,0,1,17,10,0,1,18,10,0,1,19,23,0,27,15,5,2,8,13,262,15,8,13,281,265,5,24,27,0,7,21,24,284,4,22,3,0,27,21,2,2,8,13,282,21,37,25,2,0,7,24,25,286,8,13,285,24,8,13,287,288,37,26,4,0,7,25,26,290,8,13,289,25,5,28,17,0,7,27,28,291,7,26,27,260,8,13,291,26,8,13,275,7,27,11,3,1,37,8,1,0,1,9,5,0,9,10,0,0,8,10,292,293,5,18,7,0,7,12,18,264,1,13,9,0,1,14,10,0,1,15,10,0,1,16,10,0,27,12,5,2,8,10,262,12,5,24,7,0,7,18,24,264,1,19,10,0,1,20,10,0,1,21,10,0,1,22,39,0,27,18,5,2,8,10,294,18,8,10,281,265,5,26,17,0,7,25,26,272,7,24,25,274,8,10,272,24,8,10,275,7,27,8,3,2,37,12,1,0,1,13,40,0,9,14,0,0,5,18,17,0,7,17,18,297,7,16,17,298,8,14,297,16,5,19,17,0,7,18,19,299,7,17,18,271,8,14,299,17,5,22,45,0,7,18,22,264,1,19,10,0,1,20,46,0,27,18,3,2,8,14,300,18,8,14,275,8,27,12,3,1,37,15,0,0,7,14,15,256,7,13,14,1,7,12,13,303,25,12,0,1,21,0,1,0,9,12,0,0,37,15,0,0,7,14,15,256,7,13,14,1,8,13,303,12,9,12,0,0,8,12,261,7,8,12,293,8,37,16,0,0,7,15,16,256,7,14,15,1,7,13,14,303,8,13,3,12,37,16,0,0,7,15,16,256,7,14,15,1,7,13,14,303,7,12,13,3,29,12,2,0},P={},U={{1,5},{1,10},{1,6},{1,11},{1,7},{1,12},{1,13}},nParams=5,mR=47,vA=false},{K={"Anim","BackgroundColor3","Close","Color3","new",1},C={37,0,0,0,37,1,1,0,37,5,2,0,7,2,5,256,9,3,0,0,37,6,3,0,7,5,6,258,8,3,257,5,27,0,4,1,37,0,4,0,37,1,5,0,3,2,0,0,5,8,3,0,7,3,8,260,1,4,5,0,1,5,5,0,1,6,5,0,27,3,4,0,27,0,0,1,29,0,1,0},P={},U={{1,14},{1,43},{1,7},{1,6},{1,17},{1,44}},nParams=0,mR=9,vA=false},{K={"Anim","BackgroundColor3","Header","TextDim"},C={37,0,0,0,37,1,1,0,37,5,2,0,7,2,5,256,9,3,0,0,37,6,3,0,7,5,6,258,8,3,257,5,27,0,4,1,37,0,4,0,37,1,5,0,3,2,0,0,37,5,3,0,7,3,5,259,27,0,4,1,29,0,1,0},P={},U={{1,14},{1,43},{1,7},{1,6},{1,17},{1,44}},nParams=0,mR=7,vA=false},{K={"CloseSubPanel"},C={37,3,0,0,36,0,3,256,27,0,2,1,29,0,1,0},P={},U={{1,5}},nParams=0,mR=4,vA=false},{K={100,7,2,"Visible",1,"GroupTransparency",0.9,"Scale",0.15,0,"task","delay"},C={14,2,256,257,22,0,2,258,21,0,1,0,3,1,1,1,3,1,0,0,25,1,0,0,21,0,4,0,37,1,0,0,25,1,0,1,21,0,1,0,37,1,1,0,25,1,0,0,21,0,2,0,29,0,1,0,21,0,0,0,3,1,1,0,38,1,1,0,3,1,1,0,38,1,0,0,3,1,1,0,37,2,2,0,8,2,259,1,1,1,4,0,37,2,2,0,8,2,261,1,1,1,6,0,37,2,3,0,8,2,263,1,37,1,4,0,37,2,2,0,1,3,8,0,9,4,0,0,8,4,261,265,27,1,4,1,37,1,4,0,37,2,3,0,1,3,8,0,9,4,0,0,8,4,263,260,27,1,4,1,5,5,10,0,7,1,5,267,1,2,8,0,34,3,0,0,27,1,3,1,29,0,1,0},P={{K={},C={3,0,0,0,38,0,0,0,29,0,1,0},P={},U={{0,0}},nParams=0,mR=2,vA=false}},U={{1,41},{1,40},{1,20},{1,21},{1,14}},nParams=1,mR=11,vA=false},{K={12,144,0.15,"GroupTransparency",1,"Scale",0.9,"task","delay",3,2,9,"Opened","CurrentOwner",7,49,"SetAttribute","TextDim","TextColor3","CloseSubPanel"},C={12,2,256,256,22,0,2,257,21,0,1,0,3,1,1,1,3,1,0,0,25,1,0,0,21,0,5,0,37,1,0,0,25,1,0,1,21,0,2,0,37,2,1,0,18,1,2,0,25,1,0,0,21,0,2,0,29,0,1,0,21,0,0,0,3,1,0,0,38,1,1,0,3,1,1,0,38,1,0,0,37,1,2,0,37,2,3,0,1,3,2,0,9,4,0,0,8,4,259,260,27,1,4,1,37,1,2,0,37,2,4,0,1,3,2,0,9,4,0,0,8,4,261,262,27,1,4,1,5,5,7,0,7,1,5,264,1,2,2,0,34,3,0,0,27,1,3,1,15,2,265,266,22,0,2,267,21,0,1,0,3,1,1,1,3,1,0,0,25,1,0,0,21,0,2,0,37,2,5,0,7,1,2,268,25,1,0,0,21,0,28,0,37,2,5,0,7,1,2,269,12,3,270,270,22,0,3,271,21,0,1,0,3,2,1,1,3,2,0,0,25,2,0,0,21,0,4,0,4,2,1,0,25,2,0,0,21,0,1,0,7,2,1,272,25,2,0,0,21,0,8,0,36,2,1,272,1,4,12,0,3,5,0,0,27,2,4,1,37,3,6,0,7,2,3,273,8,1,274,2,21,0,0,0,37,5,7,0,36,2,5,275,27,2,2,1,39,1,0,0,21,0,0,0,29,0,1,0},P={{K={"Visible"},C={3,0,0,0,37,1,0,0,8,1,256,0,3,0,0,0,38,0,1,0,29,0,1,0},P={},U={{0,3},{0,0}},nParams=0,mR=2,vA=false}},U={{1,41},{1,40},{1,14},{1,20},{1,21},{1,8},{1,6},{1,5}},nParams=1,mR=13,vA=false},{K={1,2,"CloseMenu","OpenMenu"},C={10,2,256,256,22,0,2,257,21,0,1,0,3,1,1,1,3,1,0,0,25,1,0,0,21,0,1,0,37,1,0,0,25,1,0,0,21,0,4,0,37,4,1,0,36,1,4,258,27,1,2,1,21,0,3,0,37,4,1,0,36,1,4,259,27,1,2,1,29,0,1,0},P={},U={{1,40},{1,5}},nParams=1,mR=5,vA=false},{K={},C={37,1,0,0,29,1,2,0},P={},U={{1,40}},nParams=1,mR=3,vA=false},{K={15,225,"Opened","CurrentOwner","CloseSubPanel","task","wait",0.15,"ipairs","Container","GetChildren",100,7,2,"IsA","UIListLayout","UIPadding","Destroy","Settings","Title","Text",12,144,"AddToggle","AddLabel","AddSlider","AddColorPicker","AddDropdown","AddKeyPicker","AddTextbox","AddButton","AddCollapsible","AddGroupbox","pcall",3,9,"warn","[SubPanel] Settings error:","Position","X","Offset","Scale","AbsoluteSize","Y","UDim2","new","Frame","Visible","W",1,0.22},C={12,5,256,256,22,0,5,257,21,0,1,0,3,4,1,1,3,4,0,0,25,4,0,0,21,0,14,0,37,5,0,0,7,4,5,258,25,4,0,0,21,0,2,0,37,5,0,0,7,4,5,259,25,4,0,0,21,0,6,0,37,6,0,0,7,5,6,259,22,1,5,3,21,0,1,0,3,4,1,1,3,4,0,0,25,4,0,0,21,0,8,0,37,7,1,0,36,4,7,260,27,4,2,1,5,7,5,0,7,4,7,262,1,5,7,0,27,4,2,1,21,0,0,0,5,4,8,0,37,9,0,0,7,8,9,265,36,5,8,266,27,5,2,0,27,4,0,4,42,4,0,0,32,4,0,2,21,0,24,0,14,10,267,268,22,0,10,269,21,0,1,0,3,9,1,1,3,9,0,0,25,9,0,0,21,0,10,0,36,10,8,270,1,12,15,0,27,10,3,2,18,9,10,0,25,9,0,0,21,0,4,0,36,10,8,270,1,12,16,0,27,10,3,2,18,9,10,0,25,9,0,0,21,0,3,0,36,9,8,273,27,9,2,1,21,0,0,0,39,7,0,0,21,0,-26,0,4,4,1,0,25,4,0,1,21,0,1,0,1,4,18,0,37,6,0,0,7,5,6,275,8,5,276,4,3,4,1,0,37,5,0,0,8,5,258,4,4,4,3,0,37,5,0,0,8,5,259,4,12,5,277,277,22,0,5,278,21,0,1,0,3,4,1,1,3,4,0,0,25,4,0,0,21,0,1,0,4,4,2,0,25,4,0,0,21,0,45,0,9,4,0,0,37,6,0,0,7,5,6,265,8,4,265,5,34,6,0,0,8,4,279,6,34,7,1,0,8,4,280,7,34,8,2,0,8,4,281,8,34,9,3,0,8,4,282,9,34,10,4,0,8,4,283,10,34,11,5,0,8,4,284,11,34,12,6,0,8,4,285,12,34,13,7,0,8,4,286,13,34,14,8,0,8,4,287,14,34,15,9,0,8,4,288,15,5,5,33,0,4,6,2,0,4,7,4,0,27,5,3,3,15,10,290,269,22,0,10,291,21,0,1,0,3,9,1,1,3,9,0,0,25,9,0,0,21,0,1,0,18,9,5,0,25,9,0,0,21,0,5,0,5,9,36,0,1,10,37,0,4,11,6,0,27,9,3,1,21,0,0,0,39,4,0,0,21,0,0,0,37,5,8,0,7,4,5,294,7,7,4,295,7,6,7,296,7,9,4,295,7,8,9,297,37,11,9,0,7,10,11,298,7,9,10,295,12,7,8,9,10,5,6,7,7,8,4,299,7,7,8,296,7,10,4,299,7,9,10,297,37,12,9,0,7,11,12,298,7,10,11,299,12,8,9,10,10,6,7,8,5,13,44,0,7,7,13,301,7,13,4,295,7,8,13,297,7,13,4,295,7,9,13,296,7,13,4,299,7,10,13,297,7,13,4,299,7,11,13,296,27,7,5,2,37,14,0,0,7,13,14,302,8,13,294,7,3,7,1,0,37,9,0,0,7,8,9,302,8,8,303,7,5,13,44,0,7,7,13,301,7,13,4,295,7,8,13,297,7,15,4,295,7,14,15,296,37,16,4,0,7,15,16,304,10,13,14,15,11,9,13,305,7,13,4,299,7,10,13,297,7,13,4,299,7,11,13,296,27,7,5,2,37,13,10,0,37,18,0,0,7,14,18,302,1,15,50,0,9,16,0,0,8,16,294,7,27,13,4,1,3,13,1,0,37,14,11,0,8,14,303,13,3,13,1,0,37,14,12,0,8,14,303,13,29,0,1,0},P={{K={"Container","Parent","AddToggle"},C={4,3,2,0,25,3,0,1,21,0,1,0,9,3,0,0,4,2,3,0,37,4,0,0,7,3,4,256,8,2,257,3,37,8,1,0,36,3,8,258,4,5,1,0,4,6,2,0,27,3,4,0,29,3,0,0},P={},U={{0,0},{0,1}},nParams=3,mR=9,vA=false},{K={"TextLabel","Size","UDim2","new",1,0,18,"BackgroundTransparency","Text","TextColor3","TextDim","TextSize",12,"Font","FontMed","TextXAlignment","Enum","Left","Parent","Container"},C={37,2,0,0,1,3,0,0,9,4,0,0,5,12,2,0,7,6,12,259,1,7,4,0,1,8,5,0,1,9,5,0,1,10,6,0,27,6,5,2,8,4,257,6,8,4,263,260,8,4,264,1,37,13,1,0,7,12,13,266,8,4,265,12,8,4,267,268,37,14,2,0,7,13,14,270,8,4,269,13,5,16,16,0,7,15,16,271,7,14,15,273,8,4,271,14,37,16,3,0,7,15,16,275,8,4,274,15,27,2,3,0,29,2,0,0},P={},U={{0,2},{0,3},{0,4},{0,0}},nParams=2,mR=17,vA=false},{K={"Container","Parent","AddSlider"},C={4,3,2,0,25,3,0,1,21,0,1,0,9,3,0,0,4,2,3,0,37,4,0,0,7,3,4,256,8,2,257,3,37,8,1,0,36,3,8,258,4,5,1,0,4,6,2,0,27,3,4,0,29,3,0,0},P={},U={{0,0},{0,1}},nParams=3,mR=9,vA=false},{K={"Container","Parent","AddColorPicker"},C={4,3,2,0,25,3,0,1,21,0,1,0,9,3,0,0,4,2,3,0,37,4,0,0,7,3,4,256,8,2,257,3,37,8,1,0,36,3,8,258,4,5,1,0,4,6,2,0,27,3,4,0,29,3,0,0},P={},U={{0,0},{0,1}},nParams=3,mR=9,vA=false},{K={"Container","Parent","AddDropdown"},C={4,3,2,0,25,3,0,1,21,0,1,0,9,3,0,0,4,2,3,0,37,4,0,0,7,3,4,256,8,2,257,3,37,8,1,0,36,3,8,258,4,5,1,0,4,6,2,0,27,3,4,0,29,3,0,0},P={},U={{0,0},{0,1}},nParams=3,mR=9,vA=false},{K={"Container","Parent","AddKeyPicker"},C={4,3,2,0,25,3,0,1,21,0,1,0,9,3,0,0,4,2,3,0,37,4,0,0,7,3,4,256,8,2,257,3,37,8,1,0,36,3,8,258,4,5,1,0,4,6,2,0,27,3,4,0,29,3,0,0},P={},U={{0,0},{0,1}},nParams=3,mR=9,vA=false},{K={"Container","Parent","AddTextbox"},C={4,3,2,0,25,3,0,1,21,0,1,0,9,3,0,0,4,2,3,0,37,4,0,0,7,3,4,256,8,2,257,3,37,8,1,0,36,3,8,258,4,5,1,0,4,6,2,0,27,3,4,0,29,3,0,0},P={},U={{0,0},{0,1}},nParams=3,mR=9,vA=false},{K={"Container","Parent","AddButton"},C={4,3,2,0,25,3,0,1,21,0,1,0,9,3,0,0,4,2,3,0,37,4,0,0,7,3,4,256,8,2,257,3,37,8,1,0,36,3,8,258,4,5,1,0,4,6,2,0,27,3,4,0,29,3,0,0},P={},U={{0,0},{0,1}},nParams=3,mR=9,vA=false},{K={"Container","Parent","AddCollapsible"},C={4,3,2,0,25,3,0,1,21,0,1,0,9,3,0,0,4,2,3,0,37,4,0,0,7,3,4,256,8,2,257,3,37,8,1,0,36,3,8,258,4,5,1,0,4,6,2,0,27,3,4,0,29,3,0,0},P={},U={{0,0},{0,1}},nParams=3,mR=9,vA=false},{K={"Frame","Size","UDim2","new",1,0,30,"BackgroundColor3","Panel","BorderSizePixel","LayoutOrder","AutomaticSize","Enum","Y","Parent","Container","Corner","PanelStroke",12,14,"TextLabel","BackgroundTransparency","Text","string","upper","TextColor3","TextGroup","TextSize",11,"Font","FontBold","TextXAlignment","Left","Name","Position",22,"UIListLayout","FillDirection","Vertical","SortOrder","Padding","UDim",10},C={37,3,0,0,1,4,0,0,9,5,0,0,5,13,2,0,7,7,13,259,1,8,4,0,1,9,5,0,1,10,5,0,1,11,6,0,27,7,5,2,8,5,257,7,37,14,1,0,7,13,14,264,8,5,263,13,8,5,265,261,4,14,2,0,25,14,0,1,21,0,1,0,1,14,4,0,8,5,266,14,5,17,12,0,7,16,17,267,7,15,16,269,8,5,267,15,37,17,2,0,7,16,17,271,8,5,270,16,27,3,3,2,37,7,3,0,4,8,3,0,37,11,4,0,7,9,11,272,27,7,3,1,37,7,5,0,4,8,3,0,37,13,1,0,7,9,13,273,1,10,4,0,1,11,5,0,27,7,5,1,37,7,6,0,4,8,3,0,1,9,18,0,1,10,18,0,1,11,19,0,1,12,19,0,27,7,6,1,37,7,0,0,1,8,20,0,9,9,0,0,5,17,2,0,7,11,17,259,1,12,4,0,1,13,5,0,1,14,5,0,1,15,19,0,27,11,5,2,8,9,257,11,8,9,277,260,5,20,23,0,7,17,20,280,4,18,1,0,27,17,2,2,8,9,278,17,37,21,1,0,7,20,21,282,8,9,281,20,8,9,283,284,37,22,4,0,7,21,22,286,8,9,285,21,5,24,12,0,7,23,24,287,7,22,23,288,8,9,287,22,8,9,270,3,27,7,3,1,37,4,0,0,1,5,0,0,9,6,0,0,8,6,289,271,5,14,2,0,7,8,14,259,1,9,4,0,1,10,5,0,1,11,5,0,1,12,5,0,27,8,5,2,8,6,257,8,5,20,2,0,7,14,20,259,1,15,5,0,1,16,5,0,1,17,5,0,1,18,35,0,27,14,5,2,8,6,290,14,8,6,277,260,5,22,12,0,7,21,22,267,7,20,21,269,8,6,267,20,8,6,270,3,27,4,3,2,37,8,0,0,1,9,36,0,9,10,0,0,5,14,12,0,7,13,14,293,7,12,13,294,8,10,293,12,5,15,12,0,7,14,15,295,7,13,14,266,8,10,295,13,5,18,41,0,7,14,18,259,1,15,5,0,1,16,42,0,27,14,3,2,8,10,296,14,8,10,270,4,27,8,3,1,9,8,0,0,8,8,256,3,8,8,271,4,29,8,2,0},P={},U={{0,2},{0,3},{0,0},{0,5},{0,4},{0,6},{0,7}},nParams=3,mR=43,vA=false}},U={{1,8},{1,5},{1,10},{1,6},{1,7},{1,11},{1,12},{1,13},{1,20},{1,18},{1,14},{1,22},{1,23}},nParams=4,mR=51,vA=false},{K={7,49,"Opened","Position","UDim2","new","X","Scale","Offset",1,"Y","Frame",0.2,"CurrentOwner","task","delay"},C={12,2,256,256,22,0,2,257,21,0,1,0,3,1,1,1,3,1,0,0,25,1,0,0,21,0,3,0,37,3,0,0,7,2,3,258,18,1,2,0,25,1,0,0,21,0,2,0,29,0,1,0,21,0,0,0,37,2,1,0,7,1,2,259,5,8,4,0,7,2,8,261,7,8,1,262,7,3,8,263,7,9,1,262,7,8,9,264,11,4,8,265,7,8,1,266,7,5,8,263,7,8,1,266,7,6,8,264,27,2,5,2,37,3,2,0,37,8,0,0,7,4,8,267,1,5,12,0,9,6,0,0,8,6,259,2,27,3,4,2,3,8,0,0,37,9,0,0,8,9,258,8,2,8,0,0,37,9,0,0,8,9,269,8,5,12,14,0,7,8,12,271,1,9,12,0,34,10,0,0,27,8,3,1,29,0,1,0},P={{K={1,2,"Opened","Frame","Visible"},C={10,1,256,256,22,0,1,257,21,0,1,0,3,0,1,1,3,0,0,0,25,0,0,0,21,0,3,0,37,2,0,0,7,1,2,258,18,0,1,0,25,0,0,0,21,0,11,0,3,0,0,0,37,2,0,0,7,1,2,259,8,1,260,0,3,0,0,0,37,1,1,0,8,1,260,0,3,0,0,0,37,1,2,0,8,1,260,0,21,0,0,0,29,0,1,0},P={},U={{0,0},{0,3},{0,4}},nParams=0,mR=3,vA=false}},U={{1,8},{1,20},{1,14},{1,22},{1,23}},nParams=1,mR=15,vA=false},{K={"Opened"},C={37,2,0,0,7,1,2,256,29,1,2,0},P={},U={{1,8}},nParams=1,mR=3,vA=false},{K={"CurrentOwner"},C={37,2,0,0,7,1,2,256,29,1,2,0},P={},U={{1,8}},nParams=1,mR=3,vA=false},{K={15,225,100,7,2,"KeyCode","Enum","RightShift","ToggleMenu"},C={12,3,256,256,22,0,3,257,21,0,1,0,3,2,1,1,3,2,0,0,25,2,0,0,21,0,1,0,4,2,1,0,25,2,0,0,21,0,2,0,29,0,1,0,21,0,0,0,14,3,258,259,22,0,3,260,21,0,1,0,3,2,1,1,3,2,0,0,25,2,0,0,21,0,8,0,7,3,0,261,5,6,6,0,7,5,6,261,7,4,5,263,22,0,3,4,21,0,1,0,3,2,1,1,3,2,0,0,25,2,0,0,21,0,4,0,37,5,0,0,36,2,5,264,27,2,2,1,21,0,0,0,29,0,1,0},P={},U={{1,5}},nParams=2,mR=7,vA=false},{K={"Text","Default","Callback","Disabled","HasArrow","Tooltip",12,144,"Groupbox","Container",3,2,9,"Parent","warn","[UI:AddToggle] \208\157\208\181 \209\131\208\186\208\176\208\183\208\176\208\189 Groupbox \208\184\208\187\208\184 Parent \208\180\208\187\209\143 ","TextButton","Name","Toggle_","Size","UDim2","new",1,0,22,"BackgroundColor3","Panel","BackgroundTransparency","BorderSizePixel","","AutoButtonColor",false,"TextLabel",90,"TextColor3","TextDim","TextSize",13,"Font","FontMed","TextXAlignment","Enum","Left","Frame","fromOffset","ToggleW",6,14,"ToggleH","Position",0.5,"Switch","ToggleOn","ToggleOff","Knob","ToggleKnob",7,49,"GearBtn",20,4,"gear",16,"FontFace","Center","TextYAlignment","Active",true,"MouseButton1Click","Connect","MouseEnter","MouseLeave","ID","Row","Arrow","Set","Get","Enable","Disable","Registry","Toggles","state","api"},C={4,3,2,0,25,3,0,1,21,0,1,0,9,3,0,0,4,2,3,0,7,3,2,256,25,3,0,1,21,0,1,0,4,3,1,0,7,4,2,257,25,4,0,1,21,0,1,0,3,4,0,0,7,5,2,258,25,5,0,1,21,0,1,0,34,5,0,0,7,6,2,259,25,6,0,1,21,0,1,0,3,6,0,0,7,7,2,260,25,7,0,1,21,0,1,0,3,7,0,0,7,8,2,261,2,9,0,0,12,11,262,262,22,0,11,263,21,0,1,0,3,10,1,1,3,10,0,0,25,10,0,0,21,0,1,0,7,10,2,264,25,10,0,0,21,0,4,0,7,11,2,264,7,10,11,265,4,9,10,0,21,0,20,0,15,11,266,267,22,0,11,268,21,0,1,0,3,10,1,1,3,10,0,0,25,10,0,0,21,0,1,0,7,10,2,269,25,10,0,0,21,0,3,0,7,10,2,269,4,9,10,0,21,0,7,0,5,10,14,0,1,13,15,0,4,14,1,0,20,11,13,14,27,10,2,1,2,10,0,0,29,10,2,0,37,10,0,0,1,11,16,0,9,12,0,0,1,15,18,0,4,16,1,0,20,14,15,16,8,12,273,14,5,21,20,0,7,15,21,277,1,16,22,0,1,17,23,0,1,18,23,0,1,19,24,0,27,15,5,2,8,12,275,15,37,22,1,0,7,21,22,282,8,12,281,21,8,12,283,278,8,12,284,279,8,12,256,285,8,12,286,287,8,12,269,9,27,10,3,2,37,11,0,0,1,12,32,0,9,13,0,0,5,21,20,0,7,15,21,277,1,16,22,0,1,21,33,0,17,17,21,0,1,18,22,0,1,19,23,0,27,15,5,2,8,13,275,15,8,13,283,278,8,13,256,3,4,21,6,0,25,21,0,0,21,0,2,0,37,22,1,0,7,21,22,291,25,21,0,1,21,0,2,0,37,22,1,0,7,21,22,256,8,13,290,21,8,13,292,293,37,23,2,0,7,22,23,295,8,13,294,22,5,25,41,0,7,24,25,296,7,23,24,298,8,13,296,23,8,13,269,10,27,11,3,2,37,12,0,0,1,13,43,0,9,14,0,0,5,20,20,0,7,16,20,300,4,17,7,0,25,17,0,0,21,0,4,0,37,22,2,0,7,21,22,301,10,20,21,302,10,17,20,303,25,17,0,1,21,0,2,0,37,20,2,0,7,17,20,301,37,20,2,0,7,18,20,304,27,16,3,2,8,14,275,16,5,26,20,0,7,20,26,277,1,21,22,0,4,22,7,0,25,22,0,0,21,0,5,0,37,29,2,0,7,28,29,301,10,27,28,302,10,26,27,303,17,22,26,0,25,22,0,1,21,0,3,0,37,27,2,0,7,26,27,301,17,22,26,0,1,23,50,0,37,28,2,0,7,27,28,304,17,26,27,0,13,24,26,267,27,20,5,2,8,14,305,20,8,14,283,278,8,14,269,10,27,12,3,2,37,13,0,0,1,14,43,0,9,15,0,0,8,15,273,307,5,21,20,0,7,17,21,300,37,21,2,0,7,18,21,301,37,21,2,0,7,19,21,304,27,17,3,2,8,15,275,17,5,25,20,0,7,21,25,300,1,22,23,0,1,23,23,0,27,21,3,2,8,15,305,21,4,25,4,0,25,25,0,0,21,0,2,0,37,26,1,0,7,25,26,308,25,25,0,1,21,0,2,0,37,26,1,0,7,25,26,309,8,15,281,25,8,15,284,279,8,15,269,12,27,13,3,2,37,17,3,0,4,18,13,0,37,22,2,0,7,21,22,304,13,19,21,267,27,17,3,1,37,14,0,0,1,15,43,0,9,16,0,0,8,16,273,310,5,22,20,0,7,18,22,300,37,22,2,0,7,19,22,311,37,22,2,0,7,20,22,311,27,18,3,2,8,16,275,18,4,22,4,0,25,22,0,0,21,0,13,0,5,28,20,0,7,22,28,277,1,23,22,0,37,30,2,0,7,29,30,311,17,28,29,0,11,24,28,267,1,25,50,0,37,30,2,0,7,29,30,311,17,28,29,0,13,26,28,267,27,22,5,2,25,22,0,1,21,0,10,0,5,26,20,0,7,22,26,300,1,23,11,0,37,28,2,0,7,27,28,304,37,29,2,0,7,28,29,311,11,26,27,28,13,24,26,267,27,22,3,2,8,16,305,22,37,24,1,0,7,23,24,311,8,16,281,23,8,16,284,279,8,16,269,13,27,14,3,2,37,18,3,0,4,19,14,0,37,23,2,0,7,22,23,311,13,20,22,267,27,18,3,1,2,15,0,0,12,19,312,312,22,0,19,313,21,0,1,0,3,18,1,1,3,18,0,0,25,18,0,0,21,0,1,0,4,18,7,0,25,18,0,0,21,0,58,0,37,18,0,0,1,19,16,0,9,20,0,0,8,20,273,314,5,26,20,0,7,22,26,300,1,23,59,0,1,24,59,0,27,22,3,2,8,20,275,22,5,30,20,0,7,26,30,300,37,31,2,0,7,30,31,301,10,27,30,316,37,32,2,0,7,31,32,304,11,30,31,315,13,28,30,267,27,26,3,2,8,20,305,26,8,20,283,278,8,20,256,317,37,31,1,0,7,30,31,291,8,20,290,30,8,20,292,318,5,34,38,0,7,31,34,277,37,32,4,0,27,31,2,2,8,20,319,31,5,36,41,0,7,35,36,296,7,34,35,320,8,20,296,34,5,37,41,0,7,36,37,321,7,35,36,320,8,20,321,35,8,20,286,287,8,20,322,323,8,20,269,12,27,18,3,2,4,15,18,0,7,22,15,324,36,18,22,325,34,20,1,0,27,18,3,1,7,22,15,326,36,18,22,325,34,20,2,0,27,18,3,1,7,22,15,327,36,18,22,325,34,20,3,0,27,18,3,1,21,0,0,0,4,16,4,0,34,17,4,0,34,18,5,0,7,23,10,324,36,19,23,325,34,21,6,0,27,19,3,1,7,23,10,326,36,19,23,325,34,21,7,0,27,19,3,1,7,23,10,327,36,19,23,325,34,21,8,0,27,19,3,1,9,19,0,0,8,19,328,1,8,19,329,10,8,19,307,13,8,19,310,14,8,19,330,15,34,20,9,0,8,19,331,20,34,21,10,0,8,19,332,21,34,22,11,0,8,19,333,22,34,23,12,0,8,19,334,23,4,20,19,0,37,23,5,0,7,22,23,335,7,21,22,336,8,21,1,20,9,20,0,0,8,20,337,16,8,20,338,19,37,21,7,0,8,21,1,20,4,20,19,0,29,20,2,0},P={{K={},C={29,0,1,0},P={},U=nil,nParams=0,mR=2,vA=false},{K={"GetAttribute","Opened",1,2,"CloseSubPanel","SetAttribute","TextDim","TextColor3","GetSubPanelOwner",15,225,"OpenSubPanel"," \226\128\148 Settings","Settings","Accent"},C={37,4,0,0,36,0,4,256,1,2,1,0,27,0,3,2,25,0,0,1,21,0,1,0,3,0,0,0,10,2,258,258,22,0,2,259,21,0,1,0,3,1,1,1,3,1,0,0,25,1,0,0,21,0,1,0,4,1,0,0,25,1,0,0,21,0,13,0,37,4,1,0,36,1,4,260,27,1,2,1,37,6,0,0,36,1,6,261,1,3,1,0,3,4,0,0,27,1,4,1,37,2,2,0,7,1,2,262,37,2,0,0,8,2,263,1,21,0,43,0,37,4,1,0,36,1,4,264,27,1,2,2,12,6,265,265,22,0,6,266,21,0,1,0,3,5,1,1,3,5,0,0,25,5,0,0,21,0,4,0,4,5,1,0,25,5,0,0,21,0,1,0,7,5,1,261,25,5,0,0,21,0,8,0,36,5,1,261,1,7,1,0,3,8,0,0,27,5,4,1,37,6,2,0,7,5,6,262,8,1,263,5,21,0,0,0,37,11,1,0,36,5,11,267,37,12,3,0,1,13,12,0,20,7,12,13,37,12,4,0,7,8,12,269,37,9,0,0,27,5,5,1,37,10,0,0,36,5,10,261,1,7,1,0,3,8,1,0,27,5,4,1,37,6,2,0,7,5,6,270,37,6,0,0,8,6,263,5,39,1,0,0,29,0,1,0},P={},U={{1,15},{0,5},{0,1},{1,3},{1,2}},nParams=0,mR=14,vA=false},{K={"GetAttribute","Opened",100,7,2,"Text","TextColor3"},C={37,4,0,0,36,0,4,256,1,2,1,0,27,0,3,2,25,0,0,1,21,0,1,0,3,0,0,0,14,2,258,259,22,0,2,260,21,0,1,0,3,1,1,1,3,1,0,0,25,1,0,0,21,0,1,0,18,1,0,0,25,1,0,0,21,0,5,0,37,2,1,0,7,1,2,261,37,2,0,0,8,2,262,1,21,0,0,0,29,0,1,0},P={},U={{1,15},{0,1}},nParams=0,mR=5,vA=false},{K={"GetAttribute","Opened","Accent","TextDim","TextColor3"},C={37,4,0,0,36,0,4,256,1,2,1,0,27,0,3,2,25,0,0,1,21,0,1,0,3,0,0,0,4,1,0,0,25,1,0,0,21,0,2,0,37,2,1,0,7,1,2,258,25,1,0,1,21,0,2,0,37,2,1,0,7,1,2,259,37,2,0,0,8,2,260,1,29,0,1,0},P={},U={{1,15},{0,1}},nParams=0,mR=5,vA=false},{K={"ToggleOn","ToggleOff","UDim2","new",1,"ToggleKnob",2,0.5,"fromOffset","ToggleH",12,144,"Anim","BackgroundColor3","Position"},C={37,1,0,0,25,1,0,0,21,0,2,0,37,2,1,0,7,1,2,256,25,1,0,1,21,0,2,0,37,2,1,0,7,1,2,257,37,2,0,0,25,2,0,0,21,0,13,0,5,8,2,0,7,2,8,259,1,3,4,0,37,10,2,0,7,9,10,261,17,8,9,0,11,4,8,262,1,5,7,0,37,10,2,0,7,9,10,261,17,8,9,0,13,6,8,262,27,2,5,2,25,2,0,1,21,0,10,0,5,6,2,0,7,2,6,264,1,3,6,0,37,8,2,0,7,7,8,265,37,9,2,0,7,8,9,261,11,6,7,8,13,4,6,262,27,2,3,2,12,4,266,266,22,0,4,267,21,0,1,0,3,3,1,1,3,3,0,0,25,3,0,0,21,0,1,0,4,3,0,0,25,3,0,0,21,0,15,0,37,3,3,0,37,4,4,0,37,8,2,0,7,5,8,268,9,6,0,0,8,6,269,1,27,3,4,1,37,3,3,0,37,4,5,0,37,8,2,0,7,5,8,268,9,6,0,0,8,6,270,2,27,3,4,1,21,0,6,0,4,3,1,0,37,4,4,0,8,4,269,3,4,3,2,0,37,4,5,0,8,4,270,3,29,0,1,0},P={},U={{1,16},{0,1},{0,2},{0,6},{1,13},{1,14}},nParams=1,mR=11,vA=false},{K={3,2,9,7,49,"pcall"},C={15,3,256,257,22,0,3,258,21,0,1,0,3,2,1,1,3,2,0,0,25,2,0,0,21,0,1,0,37,2,0,0,25,2,0,0,21,0,2,0,29,0,1,0,21,0,0,0,18,3,0,0,18,2,3,0,38,2,1,0,37,2,2,0,3,3,1,0,27,2,2,1,12,3,259,259,22,0,3,260,21,0,1,0,3,2,1,1,3,2,0,0,25,2,0,0,21,0,1,0,4,2,1,0,25,2,0,0,21,0,5,0,5,2,5,0,37,3,3,0,37,4,1,0,27,2,3,1,21,0,0,0,29,0,1,0},P={},U={{1,6},{1,16},{1,17},{1,5}},nParams=2,mR=6,vA=false},{K={1,2},C={10,1,256,256,22,0,1,257,21,0,1,0,3,0,1,1,3,0,0,0,25,0,0,0,21,0,1,0,37,0,0,0,25,0,0,0,21,0,2,0,29,0,1,0,21,0,0,0,37,0,1,0,37,4,2,0,18,1,4,0,3,2,1,0,27,0,3,1,29,0,1,0},P={},U={{1,6},{1,18},{1,16}},nParams=0,mR=5,vA=false},{K={15,225,"Anim","BackgroundTransparency",0.85,"Hover","BackgroundColor3"},C={12,1,256,256,22,0,1,257,21,0,1,0,3,0,1,1,3,0,0,0,25,0,0,0,21,0,1,0,37,0,0,0,25,0,0,0,21,0,2,0,29,0,1,0,21,0,0,0,37,0,1,0,37,1,2,0,37,5,3,0,7,2,5,258,9,3,0,0,8,3,259,260,27,0,4,1,37,1,4,0,7,0,1,261,37,1,2,0,8,1,262,0,29,0,1,0},P={},U={{1,6},{0,6},{1,10},{0,2},{0,1}},nParams=0,mR=6,vA=false},{K={"Anim","BackgroundTransparency",1},C={37,0,0,0,37,1,1,0,37,5,2,0,7,2,5,256,9,3,0,0,8,3,257,258,27,0,4,1,29,0,1,0},P={},U={{0,6},{1,10},{0,2}},nParams=0,mR=6,vA=false},{K={},C={37,1,0,0,4,2,0,0,3,3,1,0,27,1,3,1,29,0,1,0},P={},U={{1,18}},nParams=1,mR=5,vA=false},{K={},C={37,0,0,0,29,0,2,0},P={},U={{1,16}},nParams=0,mR=3,vA=false},{K={"Text","TextColor3"},C={3,0,0,0,38,0,0,0,37,1,1,0,7,0,1,256,37,1,2,0,8,1,257,0,29,0,1,0},P={},U={{1,6},{0,1},{1,11}},nParams=0,mR=3,vA=false},{K={"TextDim","TextColor3"},C={3,0,1,0,38,0,0,0,37,1,1,0,7,0,1,256,37,1,2,0,8,1,257,0,29,0,1,0},P={},U={{1,6},{0,1},{1,11}},nParams=0,mR=3,vA=false}},U={{1,10},{1,6},{1,7},{1,11},{1,15},{1,5},{1,14},{1,42}},nParams=3,mR=60,vA=false},{K={"Text","Min",0,"Max",100,"math","clamp","Default","Rounding","Suffix","","Callback",7,2,"Groupbox","Container",12,144,"Parent","warn","[UI:AddSlider] \208\189\208\181\209\130 Groupbox/Parent: ","Frame","Name","Slider_","Size","UDim2","new",1,36,"BackgroundColor3","Panel","BackgroundTransparency","BorderSizePixel","TextLabel",60,16,"TextColor3","TextSize",13,"Font","FontMed","TextXAlignment","Enum","Left","fromOffset",48,20,"Position","Box",4,"tostring",11,"FontBold","Center","TextYAlignment","TextButton","Track",8,"TrackBg","AutoButtonColor",false,"Fill","TrackFill","Knob",6,0.5,"ToggleKnob","ZIndex","InputBegan","Connect","InputChanged","InputEnded","MouseEnter","MouseLeave","task","defer","ID","Row","Set","Get","Registry","Sliders"},C={4,3,2,0,25,3,0,1,21,0,1,0,9,3,0,0,4,2,3,0,7,3,2,256,25,3,0,1,21,0,1,0,4,3,1,0,7,4,2,257,25,4,0,1,21,0,1,0,1,4,2,0,7,5,2,259,25,5,0,1,21,0,1,0,1,5,4,0,5,11,5,0,7,6,11,262,7,7,2,263,25,7,0,1,21,0,1,0,4,7,4,0,4,8,4,0,4,9,5,0,27,6,4,2,7,7,2,264,25,7,0,1,21,0,1,0,1,7,2,0,7,8,2,265,25,8,0,1,21,0,1,0,1,8,10,0,7,9,2,267,25,9,0,1,21,0,1,0,34,9,0,0,2,10,0,0,14,12,260,268,22,0,12,269,21,0,1,0,3,11,1,1,3,11,0,0,25,11,0,0,21,0,1,0,7,11,2,270,25,11,0,0,21,0,4,0,7,12,2,270,7,11,12,271,4,10,11,0,21,0,20,0,12,12,272,272,22,0,12,273,21,0,1,0,3,11,1,1,3,11,0,0,25,11,0,0,21,0,1,0,7,11,2,274,25,11,0,0,21,0,3,0,7,11,2,274,4,10,11,0,21,0,7,0,5,11,19,0,1,14,20,0,4,15,1,0,20,12,14,15,27,11,2,1,2,11,0,0,29,11,2,0,37,11,0,0,1,12,21,0,9,13,0,0,1,16,23,0,4,17,1,0,20,15,16,17,8,13,278,15,5,22,25,0,7,16,22,282,1,17,27,0,1,18,2,0,1,19,2,0,1,20,28,0,27,16,5,2,8,13,280,16,37,23,1,0,7,22,23,286,8,13,285,22,8,13,287,283,8,13,288,258,8,13,274,10,27,11,3,2,37,12,0,0,1,13,33,0,9,14,0,0,5,22,25,0,7,16,22,282,1,17,27,0,1,22,34,0,17,18,22,0,1,19,2,0,1,20,35,0,27,16,5,2,8,14,280,16,8,14,287,283,8,14,256,3,37,23,1,0,7,22,23,256,8,14,292,22,8,14,293,294,37,24,2,0,7,23,24,296,8,14,295,23,5,26,42,0,7,25,26,297,7,24,25,299,8,14,297,24,8,14,274,11,27,12,3,2,37,13,0,0,1,14,21,0,9,15,0,0,5,21,25,0,7,17,21,300,1,18,45,0,1,19,46,0,27,17,3,2,8,15,280,17,5,27,25,0,7,21,27,282,1,22,27,0,1,27,45,0,17,23,27,0,1,24,2,0,1,25,2,0,27,21,5,2,8,15,303,21,37,28,1,0,7,27,28,304,8,15,285,27,8,15,288,258,8,15,274,11,27,13,3,2,37,17,3,0,4,18,13,0,1,19,49,0,27,17,3,1,37,14,0,0,1,15,33,0,9,16,0,0,5,24,25,0,7,18,24,282,1,19,27,0,1,20,2,0,1,21,27,0,1,22,2,0,27,18,5,2,8,16,280,18,8,16,287,283,5,25,50,0,4,26,6,0,27,25,2,2,4,26,8,0,20,24,25,26,8,16,256,24,37,26,1,0,7,25,26,256,8,16,292,25,8,16,293,307,37,27,2,0,7,26,27,308,8,16,295,26,5,29,42,0,7,28,29,297,7,27,28,309,8,16,297,27,5,30,42,0,7,29,30,310,7,28,29,309,8,16,310,28,8,16,274,13,27,14,3,2,37,15,0,0,1,16,55,0,9,17,0,0,8,17,278,312,5,25,25,0,7,19,25,282,1,20,27,0,1,21,2,0,1,22,2,0,1,23,49,0,27,19,5,2,8,17,280,19,5,31,25,0,7,25,31,282,1,26,2,0,1,27,2,0,1,28,27,0,1,31,57,0,17,29,31,0,27,25,5,2,8,17,303,25,37,32,1,0,7,31,32,314,8,17,285,31,8,17,288,258,8,17,256,266,8,17,315,316,8,17,274,11,27,15,3,2,37,19,3,0,4,20,15,0,1,21,13,0,27,19,3,1,37,16,0,0,1,17,21,0,9,18,0,0,8,18,278,317,5,26,25,0,7,20,26,282,1,21,2,0,1,22,2,0,1,23,27,0,1,24,2,0,27,20,5,2,8,18,280,20,37,27,1,0,7,26,27,318,8,18,285,26,8,18,288,258,8,18,274,15,27,16,3,2,37,20,3,0,4,21,16,0,1,22,13,0,27,20,3,1,37,17,0,0,1,18,21,0,9,19,0,0,8,19,278,319,5,25,25,0,7,21,25,300,1,22,16,0,1,23,16,0,27,21,3,2,8,19,280,21,5,31,25,0,7,25,31,282,1,26,2,0,1,31,64,0,17,27,31,0,1,28,65,0,1,31,64,0,17,29,31,0,27,25,5,2,8,19,303,25,37,32,1,0,7,31,32,322,8,19,285,31,8,19,288,258,8,19,323,269,8,19,274,15,27,17,3,2,37,21,3,0,4,22,17,0,1,23,64,0,27,21,3,1,4,18,6,0,34,19,1,0,34,20,2,0,3,21,0,0,34,22,3,0,7,27,15,324,36,23,27,325,34,25,4,0,27,23,3,1,37,28,4,0,7,27,28,326,36,23,27,325,34,25,5,0,27,23,3,1,37,28,4,0,7,27,28,327,36,23,27,325,34,25,6,0,27,23,3,1,7,27,15,328,36,23,27,325,34,25,7,0,27,23,3,1,7,27,15,329,36,23,27,325,34,25,8,0,27,23,3,1,5,26,74,0,7,23,26,331,34,24,9,0,27,23,2,1,9,23,0,0,8,23,332,1,8,23,333,11,34,24,10,0,8,23,334,24,34,25,11,0,8,23,335,25,4,24,23,0,37,27,6,0,7,26,27,336,7,25,26,337,8,25,1,24,4,24,23,0,29,24,2,0},P={{K={},C={29,0,1,0},P={},U=nil,nParams=0,mR=2,vA=false},{K={"math","clamp",0,1,"UDim2","new","Size","AbsoluteSize","X",6,0.5,"Position",3,2,9,"string","format","%.","f","tostring","floor","Text"},C={37,2,0,0,37,3,1,0,11,1,2,3,37,3,2,0,37,4,1,0,11,2,3,4,13,0,1,2,5,6,0,0,7,1,6,257,4,2,0,0,1,3,2,0,1,4,3,0,27,1,4,2,4,0,1,0,5,7,4,0,7,1,7,261,4,2,0,0,1,3,2,0,1,4,3,0,1,5,2,0,27,1,5,2,37,7,3,0,8,7,262,1,37,3,4,0,7,2,3,263,7,1,2,264,12,3,0,1,11,2,3,265,5,9,4,0,7,3,9,261,1,4,2,0,4,5,2,0,1,6,10,0,1,9,9,0,17,7,9,0,27,3,5,2,37,9,5,0,8,9,267,3,2,3,0,0,15,5,268,269,22,0,5,270,21,0,1,0,3,4,1,1,3,4,0,0,25,4,0,0,21,0,5,0,37,5,6,0,23,0,258,5,21,0,1,0,3,4,1,1,3,4,0,0,25,4,0,0,21,0,10,0,5,8,15,0,7,4,8,272,1,8,17,0,37,9,6,0,1,10,18,0,20,5,8,10,37,6,0,0,27,4,3,2,4,3,4,0,21,0,8,0,5,4,19,0,5,8,0,0,7,5,8,276,37,8,0,0,10,6,8,266,27,5,2,0,27,4,0,2,4,3,4,0,4,5,3,0,37,6,7,0,20,4,5,6,37,5,8,0,8,5,277,4,29,0,1,0},P={},U={{1,18},{1,4},{1,5},{1,16},{1,15},{1,17},{1,7},{1,8},{1,14}},nParams=0,mR=20,vA=false},{K={"math","clamp",7,49,0,10,"floor",0.5,1,2,15,225,"pcall"},C={5,7,0,0,7,2,7,257,4,3,0,0,37,4,0,0,37,5,1,0,27,2,4,2,4,0,2,0,12,3,258,258,22,0,3,259,21,0,1,0,3,2,1,1,3,2,0,0,25,2,0,0,21,0,5,0,37,3,2,0,23,0,260,3,21,0,1,0,3,2,1,1,3,2,0,0,25,2,0,0,21,0,11,0,37,3,2,0,15,2,261,3,5,7,0,0,7,4,7,262,12,7,0,2,10,5,7,263,27,4,2,2,13,3,4,2,4,0,3,0,39,2,0,0,21,0,5,0,5,5,0,0,7,2,5,262,10,3,0,263,27,2,2,2,4,0,2,0,10,3,264,264,22,0,3,265,21,0,1,0,3,2,1,1,3,2,0,0,25,2,0,0,21,0,5,0,37,3,3,0,22,0,0,3,21,0,1,0,3,2,1,1,3,2,0,0,25,2,0,0,21,0,2,0,29,0,1,0,21,0,0,0,4,2,0,0,38,2,3,0,37,2,4,0,27,2,1,1,12,3,266,266,22,0,3,267,21,0,1,0,3,2,1,1,3,2,0,0,25,2,0,0,21,0,1,0,4,2,1,0,25,2,0,0,21,0,5,0,5,2,12,0,37,3,5,0,37,4,3,0,27,2,3,1,21,0,0,0,29,0,1,0},P={},U={{1,4},{1,5},{1,7},{1,18},{1,19},{1,9}},nParams=2,mR=13,vA=false},{K={"AbsolutePosition","AbsoluteSize","X","math","clamp",0,1},C={37,2,0,0,7,1,2,256,37,4,0,0,7,3,4,257,7,2,3,258,7,4,0,258,7,5,1,258,11,3,4,5,5,9,3,0,7,4,9,260,13,5,3,2,1,6,5,0,1,7,6,0,27,4,4,2,37,9,1,0,37,12,2,0,37,13,1,0,11,11,12,13,12,10,4,11,10,5,9,10,37,9,3,0,4,10,5,0,3,11,1,0,27,9,3,1,29,0,1,0},P={},U={{1,15},{1,4},{1,5},{1,20}},nParams=1,mR=14,vA=false},{K={100,7,2,"UserInputType","Enum","MouseButton1","Touch","Position"},C={14,2,256,257,22,0,2,258,21,0,1,0,3,1,1,1,3,1,0,0,25,1,0,0,21,0,18,0,7,2,0,259,5,5,4,0,7,4,5,259,7,3,4,261,22,0,2,3,21,0,1,0,3,1,1,1,3,1,0,0,25,1,0,1,21,0,8,0,7,2,0,259,5,5,4,0,7,4,5,259,7,3,4,262,22,0,2,3,21,0,1,0,3,1,1,1,3,1,0,0,25,1,0,0,21,0,6,0,3,1,1,0,38,1,0,0,37,1,1,0,7,2,0,263,27,1,2,1,21,0,0,0,29,0,1,0},P={},U={{1,21},{1,22}},nParams=1,mR=6,vA=false},{K={12,144,3,2,9,"UserInputType","Enum","MouseMovement","Touch","Position"},C={12,2,256,256,22,0,2,257,21,0,1,0,3,1,1,1,3,1,0,0,25,1,0,0,21,0,2,0,37,2,0,0,18,1,2,0,25,1,0,0,21,0,2,0,29,0,1,0,21,0,0,0,15,2,258,259,22,0,2,260,21,0,1,0,3,1,1,1,3,1,0,0,25,1,0,0,21,0,18,0,7,2,0,261,5,5,6,0,7,4,5,261,7,3,4,263,22,0,2,3,21,0,1,0,3,1,1,1,3,1,0,0,25,1,0,1,21,0,8,0,7,2,0,261,5,5,6,0,7,4,5,261,7,3,4,264,22,0,2,3,21,0,1,0,3,1,1,1,3,1,0,0,25,1,0,0,21,0,4,0,37,1,1,0,7,2,0,265,27,1,2,1,21,0,0,0,29,0,1,0},P={},U={{1,21},{1,22}},nParams=1,mR=7,vA=false},{K={7,49,"UserInputType","Enum","MouseButton1","Touch"},C={12,2,256,256,22,0,2,257,21,0,1,0,3,1,1,1,3,1,0,0,25,1,0,0,21,0,18,0,7,2,0,258,5,5,3,0,7,4,5,258,7,3,4,260,22,0,2,3,21,0,1,0,3,1,1,1,3,1,0,0,25,1,0,1,21,0,8,0,7,2,0,258,5,5,3,0,7,4,5,258,7,3,4,261,22,0,2,3,21,0,1,0,3,1,1,1,3,1,0,0,25,1,0,0,21,0,3,0,3,1,0,0,38,1,0,0,21,0,0,0,29,0,1,0},P={},U={{1,21}},nParams=1,mR=6,vA=false},{K={"Anim","BackgroundColor3","Accent"},C={37,0,0,0,37,1,1,0,37,5,2,0,7,2,5,256,9,3,0,0,37,6,3,0,7,5,6,258,8,3,257,5,27,0,4,1,29,0,1,0},P={},U={{0,5},{1,16},{0,2},{0,1}},nParams=0,mR=7,vA=false},{K={"Anim","BackgroundColor3","TrackFill"},C={37,0,0,0,37,1,1,0,37,5,2,0,7,2,5,256,9,3,0,0,37,6,3,0,7,5,6,258,8,3,257,5,27,0,4,1,29,0,1,0},P={},U={{0,5},{1,16},{0,2},{0,1}},nParams=0,mR=7,vA=false},{K={"task","wait",0.05},C={5,3,0,0,7,0,3,257,1,1,2,0,27,0,2,1,37,0,0,0,27,0,1,1,29,0,1,0},P={},U={{1,19}},nParams=0,mR=4,vA=false},{K={},C={37,1,0,0,4,2,0,0,3,3,1,0,27,1,3,1,29,0,1,0},P={},U={{1,20}},nParams=1,mR=5,vA=false},{K={},C={37,0,0,0,29,0,2,0},P={},U={{1,18}},nParams=0,mR=3,vA=false}},U={{1,10},{1,6},{1,7},{1,11},{1,1},{1,14},{1,5}},nParams=3,mR=75,vA=false},{K={"Color3","fromHSV"},C={5,8,0,0,7,3,8,257,4,4,0,0,4,5,1,0,4,6,2,0,27,3,4,0,29,3,0,0},P={},U=nil,nParams=3,mR=9,vA=false},{K={"Color3","toHSV"},C={5,4,0,0,7,1,4,257,4,2,0,0,27,1,2,0,29,1,0,0},P={},U=nil,nParams=1,mR=5,vA=false},{K={"Text","Default","Color3","fromRGB",255,"Alpha",1,"Callback",2,"Groupbox","Container",15,225,"Parent","warn","[UI:AddColorPicker] \208\189\208\181\209\130 Groupbox/Parent: ","Frame","Name","ColorPicker_","Size","UDim2","new",0,22,"BackgroundTransparency","BorderSizePixel","AutomaticSize","Enum","Y","TopRow","BackgroundColor3","Panel","TextLabel",60,"TextColor3","TextSize",13,"Font","FontMed","TextXAlignment","Left","TextButton","Preview","fromOffset",36,18,"Position",0.5,9,"","AutoButtonColor",false,4,"Checkboard","ZIndex","PanelStroke","Picker",24,"ClipsDescendants",true,"Visible",176,"SV",8,100,6,"UIGradient","Transparency","NumberSequence","NumberSequenceKeypoint","Rotation",90,10,"AnchorPoint","Vector2",5,"Hue",12,112,"Color","ColorSequence","ColorSequenceKeypoint",3,16,130,"TextBox","Hex",68,20,148,"Box","#FFFFFF","PlaceholderText","#RRGGBB","PlaceholderColor3","TextDim","ClearTextOnFocus","Center","ClosePicker",50,54,"Done","MouseEnter","Connect","MouseLeave","math","clamp","InputBegan","InputChanged","InputEnded","FocusLost","MouseButton1Click","ID","Root","Get","Set","Open","Close","Registry","ColorPickers"},C={4,3,2,0,25,3,0,1,21,0,1,0,9,3,0,0,4,2,3,0,7,3,2,256,25,3,0,1,21,0,1,0,4,3,1,0,7,4,2,257,25,4,0,1,21,0,6,0,5,9,2,0,7,4,9,259,1,5,4,0,1,6,4,0,1,7,4,0,27,4,4,2,7,5,2,261,25,5,0,1,21,0,1,0,1,5,6,0,7,6,2,263,25,6,0,1,21,0,1,0,34,6,0,0,2,7,0,0,10,9,262,262,22,0,9,264,21,0,1,0,3,8,1,1,3,8,0,0,25,8,0,0,21,0,1,0,7,8,2,265,25,8,0,0,21,0,4,0,7,9,2,265,7,8,9,266,4,7,8,0,21,0,20,0,12,9,267,267,22,0,9,268,21,0,1,0,3,8,1,1,3,8,0,0,25,8,0,0,21,0,1,0,7,8,2,269,25,8,0,0,21,0,3,0,7,8,2,269,4,7,8,0,21,0,7,0,5,8,14,0,1,11,15,0,4,12,1,0,20,9,11,12,27,8,2,1,2,8,0,0,29,8,2,0,37,8,0,0,1,9,16,0,9,10,0,0,1,13,18,0,4,14,1,0,20,12,13,14,8,10,273,12,5,19,20,0,7,13,19,277,1,14,6,0,1,15,22,0,1,16,22,0,1,17,23,0,27,13,5,2,8,10,275,13,8,10,280,262,8,10,281,278,5,21,27,0,7,20,21,282,7,19,20,284,8,10,282,19,8,10,269,7,27,8,3,2,37,9,0,0,1,10,16,0,9,11,0,0,8,11,273,285,5,19,20,0,7,13,19,277,1,14,6,0,1,15,22,0,1,16,22,0,1,17,23,0,27,13,5,2,8,11,275,13,37,20,1,0,7,19,20,287,8,11,286,19,8,11,280,262,8,11,281,278,8,11,269,8,27,9,3,2,37,10,0,0,1,11,32,0,9,12,0,0,5,20,20,0,7,14,20,277,1,15,6,0,1,20,33,0,17,16,20,0,1,17,6,0,1,18,22,0,27,14,5,2,8,12,275,14,8,12,280,262,8,12,256,3,37,21,1,0,7,20,21,256,8,12,290,20,8,12,291,292,37,22,2,0,7,21,22,294,8,12,293,21,5,24,27,0,7,23,24,295,7,22,23,296,8,12,295,22,8,12,269,9,27,10,3,2,37,11,0,0,1,12,41,0,9,13,0,0,8,13,273,298,5,19,20,0,7,15,19,299,1,16,44,0,1,17,45,0,27,15,3,2,8,13,275,15,5,25,20,0,7,19,25,277,1,20,6,0,1,25,44,0,17,21,25,0,1,22,47,0,1,25,48,0,17,23,25,0,27,19,5,2,8,13,302,19,5,30,2,0,7,25,30,259,1,26,22,0,1,27,22,0,1,28,22,0,27,25,4,2,8,13,286,25,8,13,281,278,8,13,256,305,8,13,306,307,8,13,269,9,27,11,3,2,37,15,3,0,4,16,11,0,1,17,52,0,27,15,3,1,37,12,0,0,1,13,16,0,9,14,0,0,5,22,20,0,7,16,22,277,1,17,6,0,1,18,22,0,1,19,6,0,1,20,22,0,27,16,5,2,8,14,275,16,37,23,1,0,7,22,23,309,8,14,286,22,8,14,281,278,8,14,310,262,8,14,269,11,27,12,3,2,37,16,3,0,4,17,12,0,1,18,52,0,27,16,3,1,37,13,0,0,1,14,16,0,9,15,0,0,5,23,20,0,7,17,23,277,1,18,6,0,1,19,22,0,1,20,6,0,1,21,22,0,27,17,5,2,8,15,275,17,8,15,286,4,11,23,262,5,8,15,280,23,8,15,281,278,8,15,310,264,8,15,269,11,27,13,3,2,37,17,3,0,4,18,13,0,1,19,52,0,27,17,3,1,37,17,4,0,4,18,11,0,37,23,1,0,7,19,23,311,1,20,6,0,1,21,22,0,27,17,5,1,37,14,0,0,1,15,16,0,9,16,0,0,8,16,273,312,5,24,20,0,7,18,24,277,1,19,6,0,1,20,22,0,1,21,22,0,1,22,22,0,27,18,5,2,8,16,275,18,5,30,20,0,7,24,30,277,1,25,22,0,1,26,22,0,1,27,22,0,1,28,57,0,27,24,5,2,8,16,302,24,8,16,280,262,8,16,281,278,8,16,314,315,8,16,316,307,8,16,269,8,27,14,3,2,37,15,0,0,1,16,16,0,9,17,0,0,5,25,20,0,7,19,25,277,1,20,6,0,1,21,22,0,1,22,22,0,1,23,61,0,27,19,5,2,8,17,275,19,8,17,280,262,8,17,269,14,27,15,3,2,37,16,0,0,1,17,41,0,9,18,0,0,8,18,273,318,5,26,20,0,7,20,26,277,1,21,6,0,1,26,63,0,17,22,26,0,1,23,22,0,1,24,64,0,27,20,5,2,8,18,275,20,5,32,20,0,7,26,32,277,1,27,22,0,1,28,52,0,1,29,22,0,1,30,65,0,27,26,5,2,8,18,302,26,5,37,2,0,7,32,37,259,1,33,4,0,1,34,22,0,1,35,22,0,27,32,4,2,8,18,286,32,8,18,281,278,8,18,256,305,8,18,306,307,8,18,269,15,27,16,3,2,37,20,3,0,4,21,16,0,1,22,52,0,27,20,3,1,37,17,0,0,1,18,16,0,9,19,0,0,5,27,20,0,7,21,27,277,1,22,6,0,1,23,22,0,1,24,6,0,1,25,22,0,27,21,5,2,8,19,275,21,5,32,2,0,7,27,32,259,1,28,4,0,1,29,4,0,1,30,4,0,27,27,4,2,8,19,286,27,8,19,281,278,8,19,269,16,27,17,3,2,37,21,3,0,4,22,17,0,1,23,52,0,27,21,3,1,37,21,0,0,1,22,66,0,9,23,0,0,5,28,68,0,7,25,28,277,9,26,0,0,5,32,69,0,7,28,32,277,1,29,22,0,1,30,22,0,27,28,3,2,8,26,262,28,5,32,69,0,7,27,32,277,1,28,6,0,1,29,6,0,27,27,3,0,33,26,0,2,27,25,2,2,8,23,323,25,8,23,269,17,27,21,3,1,37,18,0,0,1,19,16,0,9,20,0,0,5,28,20,0,7,22,28,277,1,23,6,0,1,24,22,0,1,25,6,0,1,26,22,0,27,22,5,2,8,20,275,22,5,33,2,0,7,28,33,259,1,29,22,0,1,30,22,0,1,31,22,0,27,28,4,2,8,20,286,28,8,20,281,278,8,20,269,16,27,18,3,2,37,22,3,0,4,23,18,0,1,24,52,0,27,22,3,1,37,22,0,0,1,23,66,0,9,24,0,0,8,24,326,327,5,29,68,0,7,26,29,277,9,27,0,0,5,33,69,0,7,29,33,277,1,30,22,0,1,31,6,0,27,29,3,2,8,27,262,29,5,33,69,0,7,28,33,277,1,29,6,0,1,30,22,0,27,28,3,0,33,27,0,2,27,26,2,2,8,24,323,26,8,24,269,18,27,22,3,1,37,19,0,0,1,20,16,0,9,21,0,0,5,27,20,0,7,23,27,299,1,24,72,0,1,25,72,0,27,23,3,2,8,21,275,23,5,31,74,0,7,27,31,277,1,28,47,0,1,29,47,0,27,27,3,2,8,21,329,27,5,36,2,0,7,31,36,259,1,32,4,0,1,33,4,0,1,34,4,0,27,31,4,2,8,21,286,31,8,21,281,278,8,21,310,331,8,21,269,16,27,19,3,2,37,23,3,0,4,24,19,0,1,25,75,0,27,23,3,1,37,23,4,0,4,24,19,0,5,30,2,0,7,25,30,259,1,26,22,0,1,27,22,0,1,28,22,0,27,25,4,2,1,26,8,0,1,27,22,0,27,23,5,1,37,20,0,0,1,21,41,0,9,22,0,0,8,22,273,332,5,30,20,0,7,24,30,277,1,25,6,0,1,30,63,0,17,26,30,0,1,27,22,0,1,28,77,0,27,24,5,2,8,22,275,24,5,36,20,0,7,30,36,277,1,31,22,0,1,32,52,0,1,33,22,0,1,34,78,0,27,30,5,2,8,22,302,30,5,41,2,0,7,36,41,259,1,37,4,0,1,38,4,0,1,39,4,0,27,36,4,2,8,22,286,36,8,22,281,278,8,22,256,305,8,22,306,307,8,22,269,15,27,20,3,2,37,24,3,0,4,25,20,0,1,26,65,0,27,24,3,1,37,24,0,0,1,25,66,0,9,26,0,0,5,31,80,0,7,28,31,277,9,29,0,0,5,35,81,0,7,31,35,277,13,32,278,321,5,38,2,0,7,33,38,259,1,34,4,0,1,35,22,0,1,36,22,0,27,33,4,0,27,31,0,2,8,29,262,31,5,42,81,0,7,38,42,277,13,39,262,321,5,45,2,0,7,40,45,259,1,41,4,0,1,42,4,0,1,43,22,0,27,40,4,0,27,38,0,2,8,29,264,38,5,49,81,0,7,45,49,277,13,46,264,321,5,52,2,0,7,47,52,259,1,48,22,0,1,49,4,0,1,50,22,0,27,47,4,0,27,45,0,2,8,29,338,45,5,56,81,0,7,52,56,277,13,53,338,321,5,59,2,0,7,54,59,259,1,55,22,0,1,56,4,0,1,57,4,0,27,54,4,0,27,52,0,2,8,29,308,52,5,63,81,0,7,59,63,277,13,60,308,321,5,66,2,0,7,61,66,259,1,62,22,0,1,63,22,0,1,64,4,0,27,61,4,0,27,59,0,2,8,29,331,59,5,70,81,0,7,66,70,277,13,67,331,321,5,73,2,0,7,68,73,259,1,69,4,0,1,70,22,0,1,71,4,0,27,68,4,0,27,66,0,2,8,29,321,66,5,73,81,0,7,30,73,277,13,31,321,321,5,73,2,0,7,32,73,259,1,33,4,0,1,34,22,0,1,35,22,0,27,32,4,0,27,30,0,0,33,29,0,7,27,28,2,2,8,26,335,28,8,26,269,20,27,24,3,1,37,21,0,0,1,22,16,0,9,23,0,0,5,29,20,0,7,25,29,299,1,26,52,0,1,27,83,0,27,25,3,2,8,23,275,25,5,33,74,0,7,29,33,277,1,30,47,0,1,31,47,0,27,29,3,2,8,23,329,29,5,39,20,0,7,33,39,277,1,34,22,0,1,35,22,0,1,36,47,0,1,37,22,0,27,33,5,2,8,23,302,33,5,44,2,0,7,39,44,259,1,40,4,0,1,41,4,0,1,42,4,0,27,39,4,2,8,23,286,39,8,23,281,278,8,23,310,331,8,23,269,20,27,21,3,2,37,25,3,0,4,26,21,0,1,27,8,0,27,25,3,1,37,25,4,0,4,26,21,0,5,32,2,0,7,27,32,259,1,28,22,0,1,29,22,0,1,30,22,0,27,27,4,2,1,28,6,0,1,29,22,0,27,25,5,1,37,22,0,0,1,23,41,0,9,24,0,0,8,24,273,261,5,32,20,0,7,26,32,277,1,27,6,0,1,32,63,0,17,28,32,0,1,29,22,0,1,30,77,0,27,26,5,2,8,24,275,26,5,38,20,0,7,32,38,277,1,33,22,0,1,34,52,0,1,35,22,0,1,36,84,0,27,32,5,2,8,24,302,32,37,39,1,0,7,38,39,309,8,24,286,38,8,24,281,278,8,24,256,305,8,24,306,307,8,24,269,15,27,22,3,2,37,26,3,0,4,27,22,0,1,28,65,0,27,26,3,1,37,23,0,0,1,24,16,0,9,25,0,0,5,33,20,0,7,27,33,277,1,28,6,0,1,29,22,0,1,30,6,0,1,31,22,0,27,27,5,2,8,25,275,27,8,25,286,4,8,25,281,278,8,25,269,22,27,23,3,2,37,27,3,0,4,28,23,0,1,29,65,0,27,27,3,1,37,24,0,0,1,25,66,0,9,26,0,0,5,31,68,0,7,28,31,277,9,29,0,0,5,35,69,0,7,31,35,277,1,32,22,0,1,33,6,0,27,31,3,2,8,29,262,31,5,35,69,0,7,30,35,277,1,31,6,0,1,32,22,0,27,30,3,0,33,29,0,2,27,28,2,2,8,26,323,28,8,26,269,23,27,24,3,2,37,25,0,0,1,26,16,0,9,27,0,0,5,33,20,0,7,29,33,299,1,30,52,0,1,31,83,0,27,29,3,2,8,27,275,29,5,37,74,0,7,33,37,277,1,34,47,0,1,35,47,0,27,33,3,2,8,27,329,33,5,43,20,0,7,37,43,277,1,38,6,0,1,39,22,0,1,40,47,0,1,41,22,0,27,37,5,2,8,27,302,37,5,48,2,0,7,43,48,259,1,44,4,0,1,45,4,0,1,46,4,0,27,43,4,2,8,27,286,43,8,27,281,278,8,27,310,331,8,27,269,22,27,25,3,2,37,29,3,0,4,30,25,0,1,31,8,0,27,29,3,1,37,29,4,0,4,30,25,0,5,36,2,0,7,31,36,259,1,32,22,0,1,33,22,0,1,34,22,0,27,31,4,2,1,32,6,0,1,33,22,0,27,29,5,1,37,26,0,0,1,27,85,0,9,28,0,0,8,28,273,342,5,36,20,0,7,30,36,277,1,31,6,0,1,36,87,0,17,32,36,0,1,33,22,0,1,34,88,0,27,30,5,2,8,28,275,30,5,42,20,0,7,36,42,277,1,37,22,0,1,38,52,0,1,39,22,0,1,40,89,0,27,36,5,2,8,28,302,36,37,43,1,0,7,42,43,346,8,28,286,42,8,28,281,278,8,28,256,347,37,44,1,0,7,43,44,256,8,28,290,43,8,28,291,333,37,45,2,0,7,44,45,294,8,28,293,44,8,28,348,349,37,46,1,0,7,45,46,351,8,28,350,45,8,28,352,307,5,48,27,0,7,47,48,295,7,46,47,353,8,28,295,46,8,28,269,15,27,26,3,2,37,30,3,0,4,31,26,0,1,32,52,0,27,30,3,1,37,27,0,0,1,28,41,0,9,29,0,0,8,29,273,354,5,35,20,0,7,31,35,299,1,32,99,0,1,33,88,0,27,31,3,2,8,29,275,31,5,41,20,0,7,35,41,277,1,36,6,0,1,41,100,0,17,37,41,0,1,38,22,0,1,39,89,0,27,35,5,2,8,29,302,35,37,42,1,0,7,41,42,346,8,29,286,41,8,29,281,278,8,29,256,357,37,43,1,0,7,42,43,256,8,29,290,42,8,29,291,333,37,44,2,0,7,43,44,294,8,29,293,43,8,29,306,307,8,29,269,15,27,27,3,2,37,31,3,0,4,32,27,0,1,33,52,0,27,31,3,1,7,35,27,358,36,31,35,359,34,33,1,0,27,31,3,1,7,35,27,360,36,31,35,359,34,33,2,0,27,31,3,1,37,28,6,0,4,29,4,0,27,28,2,4,5,36,105,0,7,31,36,362,4,32,5,0,1,33,22,0,1,34,6,0,27,31,4,2,3,32,0,0,34,33,3,0,34,34,4,0,34,35,5,0,3,36,0,0,3,37,0,0,3,38,0,0,34,39,6,0,34,40,7,0,34,41,8,0,7,46,16,363,36,42,46,359,34,44,9,0,27,42,3,1,7,46,20,363,36,42,46,359,34,44,10,0,27,42,3,1,7,46,22,363,36,42,46,359,34,44,11,0,27,42,3,1,37,47,8,0,7,46,47,364,36,42,46,359,34,44,12,0,27,42,3,1,37,47,8,0,7,46,47,365,36,42,46,359,34,44,13,0,27,42,3,1,7,46,26,366,36,42,46,359,34,44,14,0,27,42,3,1,1,42,61,0,34,43,15,0,7,48,11,367,36,44,48,359,34,46,16,0,27,44,3,1,7,48,27,367,36,44,48,359,34,46,17,0,27,44,3,1,4,44,35,0,27,44,1,1,9,44,0,0,8,44,368,1,8,44,369,8,8,44,298,11,34,45,18,0,8,44,370,45,34,46,19,0,8,44,371,46,34,47,20,0,8,44,372,47,34,48,21,0,8,44,373,48,4,45,44,0,37,48,9,0,7,47,48,374,7,46,47,375,8,46,1,45,4,45,44,0,29,45,2,0},P={{K={},C={29,0,1,0},P={},U=nil,nParams=0,mR=2,vA=false},{K={"Anim","BackgroundColor3","Hover"},C={37,0,0,0,37,1,1,0,37,5,2,0,7,2,5,256,9,3,0,0,37,6,3,0,7,5,6,258,8,3,257,5,27,0,4,1,29,0,1,0},P={},U={{0,5},{1,27},{0,2},{0,1}},nParams=0,mR=7,vA=false},{K={"Anim","BackgroundColor3","Box"},C={37,0,0,0,37,1,1,0,37,5,2,0,7,2,5,256,9,3,0,0,37,6,3,0,7,5,6,258,8,3,257,5,27,0,4,1,29,0,1,0},P={},U={{0,5},{1,27},{0,2},{0,1}},nParams=0,mR=7,vA=false},{K={"BackgroundColor3",1,"BackgroundTransparency","#","ToHex","Text"},C={37,0,0,0,37,1,1,0,37,2,2,0,37,3,3,0,27,0,4,2,4,5,0,0,37,6,4,0,8,6,256,5,37,6,5,0,11,5,257,6,37,6,4,0,8,6,258,5,37,5,0,0,37,6,1,0,1,7,1,0,1,8,1,0,27,5,4,2,37,10,6,0,8,10,256,5,4,5,0,0,37,6,7,0,8,6,256,5,1,6,3,0,36,7,0,260,27,7,2,2,20,5,6,7,37,6,8,0,8,6,261,5,29,0,1,0},P={},U={{0,7},{1,28},{1,29},{1,30},{1,13},{1,31},{1,16},{1,23},{1,26}},nParams=0,mR=11,vA=false},{K={"UDim2","new","math","clamp",0.02,0.98,0,1,"Position",0.005,0.995,0.5},C={5,6,0,0,7,0,6,257,5,6,2,0,7,1,6,259,37,2,0,0,1,3,4,0,1,4,5,0,27,1,4,2,1,2,6,0,5,8,2,0,7,3,8,259,37,8,1,0,11,4,263,8,1,5,4,0,1,6,5,0,27,3,4,2,1,4,6,0,27,0,5,2,37,8,2,0,8,8,264,0,5,6,0,0,7,0,6,257,5,6,2,0,7,1,6,259,37,2,3,0,1,3,9,0,1,4,10,0,27,1,4,2,1,2,6,0,1,3,11,0,1,4,6,0,27,0,5,2,37,6,4,0,8,6,264,0,5,6,0,0,7,0,6,257,5,6,2,0,7,1,6,259,37,2,5,0,1,3,9,0,1,4,10,0,27,1,4,2,1,2,6,0,1,3,11,0,1,4,6,0,27,0,5,2,37,6,6,0,8,6,264,0,29,0,1,0},P={},U={{1,29},{1,30},{1,19},{1,28},{1,21},{1,31},{1,25}},nParams=0,mR=12,vA=false},{K={"pcall"},C={37,0,0,0,27,0,1,1,37,0,1,0,27,0,1,1,5,0,0,0,37,1,2,0,37,2,3,0,37,3,4,0,37,4,5,0,37,5,6,0,27,2,4,2,37,3,7,0,27,0,4,1,29,0,1,0},P={},U={{1,33},{1,34},{1,6},{0,7},{1,28},{1,29},{1,30},{1,31}},nParams=0,mR=8,vA=false},{K={"AbsolutePosition","AbsoluteSize","math","clamp","X",0,1,"Y"},C={37,2,0,0,7,1,2,256,37,3,0,0,7,2,3,257,5,8,2,0,7,3,8,259,7,9,0,260,7,10,1,260,11,8,9,10,7,9,2,260,13,4,8,9,1,5,5,0,1,6,6,0,27,3,4,2,38,3,1,0,5,9,2,0,7,4,9,259,7,10,0,263,7,11,1,263,11,9,10,11,7,10,2,263,13,5,9,10,1,6,5,0,1,7,6,0,27,4,4,2,11,3,262,4,38,3,2,0,37,3,3,0,27,3,1,1,29,0,1,0},P={},U={{1,16},{1,29},{1,30},{1,35}},nParams=1,mR=12,vA=false},{K={"AbsolutePosition","AbsoluteSize","math","clamp","X",0,1},C={37,2,0,0,7,1,2,256,37,3,0,0,7,2,3,257,5,8,2,0,7,3,8,259,7,9,0,260,7,10,1,260,11,8,9,10,7,9,2,260,13,4,8,9,1,5,5,0,1,6,6,0,27,3,4,2,38,3,1,0,37,3,2,0,27,3,1,1,29,0,1,0},P={},U={{1,20},{1,28},{1,35}},nParams=1,mR=11,vA=false},{K={"AbsolutePosition","AbsoluteSize","math","clamp","X",0,1},C={37,2,0,0,7,1,2,256,37,3,0,0,7,2,3,257,5,8,2,0,7,3,8,259,7,9,0,260,7,10,1,260,11,8,9,10,7,9,2,260,13,4,8,9,1,5,5,0,1,6,6,0,27,3,4,2,38,3,1,0,37,3,2,0,27,3,1,1,29,0,1,0},P={},U={{1,22},{1,31},{1,35}},nParams=1,mR=11,vA=false},{K={100,7,2,"UserInputType","Enum","MouseButton1","Touch","Position"},C={14,2,256,257,22,0,2,258,21,0,1,0,3,1,1,1,3,1,0,0,25,1,0,0,21,0,18,0,7,2,0,259,5,5,4,0,7,4,5,259,7,3,4,261,22,0,2,3,21,0,1,0,3,1,1,1,3,1,0,0,25,1,0,1,21,0,8,0,7,2,0,259,5,5,4,0,7,4,5,259,7,3,4,262,22,0,2,3,21,0,1,0,3,1,1,1,3,1,0,0,25,1,0,0,21,0,6,0,3,1,1,0,38,1,0,0,37,1,1,0,7,2,0,263,27,1,2,1,21,0,0,0,29,0,1,0},P={},U={{1,36},{1,39}},nParams=1,mR=6,vA=false},{K={12,144,"UserInputType","Enum","MouseButton1","Touch","Position"},C={12,2,256,256,22,0,2,257,21,0,1,0,3,1,1,1,3,1,0,0,25,1,0,0,21,0,18,0,7,2,0,258,5,5,3,0,7,4,5,258,7,3,4,260,22,0,2,3,21,0,1,0,3,1,1,1,3,1,0,0,25,1,0,1,21,0,8,0,7,2,0,258,5,5,3,0,7,4,5,258,7,3,4,261,22,0,2,3,21,0,1,0,3,1,1,1,3,1,0,0,25,1,0,0,21,0,6,0,3,1,1,0,38,1,0,0,37,1,1,0,7,2,0,262,27,1,2,1,21,0,0,0,29,0,1,0},P={},U={{1,37},{1,40}},nParams=1,mR=6,vA=false},{K={3,2,9,"UserInputType","Enum","MouseButton1","Touch","Position"},C={15,2,256,257,22,0,2,258,21,0,1,0,3,1,1,1,3,1,0,0,25,1,0,0,21,0,18,0,7,2,0,259,5,5,4,0,7,4,5,259,7,3,4,261,22,0,2,3,21,0,1,0,3,1,1,1,3,1,0,0,25,1,0,1,21,0,8,0,7,2,0,259,5,5,4,0,7,4,5,259,7,3,4,262,22,0,2,3,21,0,1,0,3,1,1,1,3,1,0,0,25,1,0,0,21,0,6,0,3,1,1,0,38,1,0,0,37,1,1,0,7,2,0,263,27,1,2,1,21,0,0,0,29,0,1,0},P={},U={{1,38},{1,41}},nParams=1,mR=6,vA=false},{K={7,49,"UserInputType","Enum","MouseMovement","Touch",1,2,"Position",15,225,100},C={12,2,256,256,22,0,2,257,21,0,1,0,3,1,1,1,3,1,0,0,25,1,0,0,21,0,18,0,7,2,0,258,5,5,3,0,7,4,5,258,7,3,4,260,22,1,2,3,21,0,1,0,3,1,1,1,3,1,0,0,25,1,0,0,21,0,8,0,7,2,0,258,5,5,3,0,7,4,5,258,7,3,4,261,22,1,2,3,21,0,1,0,3,1,1,1,3,1,0,0,25,1,0,0,21,0,2,0,29,0,1,0,21,0,0,0,10,2,262,262,22,0,2,263,21,0,1,0,3,1,1,1,3,1,0,0,25,1,0,0,21,0,1,0,37,1,0,0,25,1,0,0,21,0,4,0,37,1,1,0,7,2,0,264,27,1,2,1,21,0,0,0,12,2,265,265,22,0,2,266,21,0,1,0,3,1,1,1,3,1,0,0,25,1,0,0,21,0,1,0,37,1,2,0,25,1,0,0,21,0,4,0,37,1,3,0,7,2,0,264,27,1,2,1,21,0,0,0,14,2,267,256,22,0,2,263,21,0,1,0,3,1,1,1,3,1,0,0,25,1,0,0,21,0,1,0,37,1,4,0,25,1,0,0,21,0,4,0,37,1,5,0,7,2,0,264,27,1,2,1,21,0,0,0,29,0,1,0},P={},U={{1,36},{1,39},{1,37},{1,40},{1,38},{1,41}},nParams=1,mR=6,vA=false},{K={12,144,"UserInputType","Enum","MouseButton1","Touch"},C={12,2,256,256,22,0,2,257,21,0,1,0,3,1,1,1,3,1,0,0,25,1,0,0,21,0,18,0,7,2,0,258,5,5,3,0,7,4,5,258,7,3,4,260,22,0,2,3,21,0,1,0,3,1,1,1,3,1,0,0,25,1,0,1,21,0,8,0,7,2,0,258,5,5,3,0,7,4,5,258,7,3,4,261,22,0,2,3,21,0,1,0,3,1,1,1,3,1,0,0,25,1,0,0,21,0,7,0,3,1,0,0,3,2,0,0,3,3,0,0,38,1,0,0,38,2,1,0,38,3,2,0,21,0,0,0,29,0,1,0},P={},U={{1,36},{1,37},{1,38}},nParams=1,mR=6,vA=false},{K={"Text","gsub","%s","",3,2,9,"match","^#?%x%x%x%x%x%x$","#","ToHex",7,49,"sub",1,"Color3","fromHex"},C={37,6,0,0,7,5,6,256,36,0,5,257,1,2,2,0,1,3,3,0,27,0,4,2,15,7,260,261,22,0,7,262,21,0,1,0,3,6,1,1,3,6,0,0,25,6,0,0,21,0,4,0,36,7,0,263,1,9,8,0,27,7,3,2,18,6,7,0,25,6,0,0,21,0,13,0,1,7,9,0,37,11,1,0,37,12,2,0,37,13,3,0,37,14,4,0,27,11,4,2,36,8,11,266,27,8,2,2,20,6,7,8,37,7,0,0,8,7,256,6,29,0,1,0,21,0,0,0,12,7,267,267,22,0,7,268,21,0,1,0,3,6,1,1,3,6,0,0,25,6,0,0,21,0,8,0,36,7,0,269,1,9,14,0,1,10,14,0,27,7,4,2,22,1,7,265,21,0,1,0,3,6,1,1,3,6,0,0,25,6,0,0,21,0,5,0,1,7,9,0,4,8,0,0,20,6,7,8,4,0,6,0,21,0,0,0,5,6,15,0,7,1,6,272,4,2,0,0,27,1,2,2,37,6,5,0,4,7,1,0,27,6,2,4,38,6,2,0,38,7,3,0,38,8,4,0,37,6,6,0,27,6,1,1,29,0,1,0},P={},U={{1,26},{0,7},{1,28},{1,29},{1,30},{0,6},{1,35}},nParams=0,mR=16,vA=false},{K={1,2,"Visible","UDim2","new",0,"Size",0.18,0.15,"task","delay",0.16},C={2,2,0,0,22,1,0,2,21,0,1,0,3,1,1,1,3,1,0,0,25,1,0,0,21,0,1,0,4,1,0,0,25,1,0,1,21,0,2,0,37,2,0,0,18,1,2,0,38,1,0,0,10,2,256,256,22,0,2,257,21,0,1,0,3,1,1,1,3,1,0,0,25,1,0,0,21,0,1,0,37,1,0,0,25,1,0,0,21,0,26,0,3,1,1,0,37,2,1,0,8,2,258,1,5,7,3,0,7,1,7,260,1,2,0,0,1,3,5,0,1,4,5,0,1,5,5,0,27,1,5,2,37,7,1,0,8,7,262,1,37,1,2,0,37,2,1,0,1,3,7,0,9,4,0,0,5,12,3,0,7,6,12,260,1,7,0,0,1,8,5,0,1,9,5,0,37,10,3,0,27,6,5,2,8,4,262,6,27,1,4,1,21,0,18,0,37,1,2,0,37,2,1,0,1,3,8,0,9,4,0,0,5,12,3,0,7,6,12,260,1,7,0,0,1,8,5,0,1,9,5,0,1,10,5,0,27,6,5,2,8,4,262,6,27,1,4,1,5,5,9,0,7,1,5,266,1,2,11,0,34,3,0,0,27,1,3,1,29,0,1,0},P={{K={15,225,"Visible"},C={12,1,256,256,22,0,1,257,21,0,1,0,3,0,1,1,3,0,0,0,25,0,0,0,21,0,2,0,37,1,0,0,18,0,1,0,25,0,0,0,21,0,4,0,3,0,0,0,37,1,1,0,8,1,258,0,21,0,0,0,29,0,1,0},P={},U={{0,0},{0,1}},nParams=0,mR=2,vA=false}},U={{1,32},{1,14},{0,5},{1,42}},nParams=1,mR=13,vA=false},{K={},C={37,0,0,0,27,0,1,1,29,0,1,0},P={},U={{1,43}},nParams=0,mR=2,vA=false},{K={},C={37,0,0,0,3,1,0,0,27,0,2,1,29,0,1,0},P={},U={{1,43}},nParams=0,mR=3,vA=false},{K={},C={37,0,0,0,37,1,1,0,37,2,2,0,37,3,3,0,27,0,4,2,37,1,4,0,29,0,3,0},P={},U={{0,7},{1,28},{1,29},{1,30},{1,31}},nParams=0,mR=5,vA=false},{K={100,7,2,"typeof","Color3",12,144,"math","clamp",0,1},C={14,3,256,257,22,0,3,258,21,0,1,0,3,2,1,1,3,2,0,0,25,2,0,0,21,0,7,0,5,3,3,0,4,4,0,0,27,3,2,2,22,0,3,260,21,0,1,0,3,2,1,1,3,2,0,0,25,2,0,0,21,0,7,0,37,2,0,0,4,3,0,0,27,2,2,4,38,2,1,0,38,3,2,0,38,4,3,0,21,0,0,0,12,3,261,261,22,0,3,262,21,0,1,0,3,2,1,1,3,2,0,0,25,2,0,0,21,0,5,0,2,3,0,0,22,1,1,3,21,0,1,0,3,2,1,1,3,2,0,0,25,2,0,0,21,0,8,0,5,7,7,0,7,2,7,264,4,3,1,0,1,4,9,0,1,5,10,0,27,2,4,2,38,2,4,0,21,0,0,0,37,2,5,0,27,2,1,1,29,0,1,0},P={},U={{0,6},{1,28},{1,29},{1,30},{1,31},{1,35}},nParams=2,mR=11,vA=false},{K={},C={37,0,0,0,3,1,1,0,27,0,2,1,29,0,1,0},P={},U={{1,43}},nParams=0,mR=3,vA=false},{K={},C={37,0,0,0,3,1,0,0,27,0,2,1,29,0,1,0},P={},U={{1,43}},nParams=0,mR=3,vA=false}},U={{1,10},{1,6},{1,7},{1,11},{1,12},{1,14},{1,44},{1,43},{1,1},{1,5}},nParams=3,mR=106,vA=false},{K={"Text","Values","Default",3,2,9,0,1,"Callback",7,49,"Groupbox","Container","Parent","warn","[UI:AddDropdown] \208\189\208\181\209\130 Groupbox/Parent: ","Frame","Name","Dropdown_","Size","UDim2","new",22,"BackgroundTransparency","BorderSizePixel","AutomaticSize","Enum","Y","TopRow","TextLabel",120,"TextColor3","TextSize",13,"Font","FontMed","TextXAlignment","Left","TextButton","Trigger","fromOffset",110,20,"Position",0.5,10,"BackgroundColor3","Box","","AutoButtonColor",false,4,8,"tostring","None",11,"TextTruncate","AtEnd",18,"arrow-large-down","TextDim",16,"FontFace","Center","TextYAlignment","List",24,"Panel","ClipsDescendants",true,"Visible","PanelStroke","UIListLayout","FillDirection","Vertical","SortOrder","LayoutOrder","Padding","UDim","ipairs","Option_","Accent","Color3","fromRGB",255,12,"MouseEnter","Connect","MouseLeave","MouseButton1Click","math","max",30,"InputBegan","ID","Root","Get","Set","SetValues","Open","Close","Registry","Dropdowns"},C={4,3,2,0,25,3,0,1,21,0,1,0,9,3,0,0,4,2,3,0,7,3,2,256,25,3,0,1,21,0,1,0,4,3,1,0,7,4,2,257,25,4,0,1,21,0,1,0,9,4,0,0,7,5,2,258,15,7,259,260,22,0,7,261,21,0,1,0,3,6,1,1,3,6,0,0,25,6,0,0,21,0,12,0,2,7,0,0,22,0,5,7,21,0,1,0,3,6,1,1,3,6,0,0,25,6,0,0,21,0,5,0,19,7,4,0,23,0,262,7,21,0,1,0,3,6,1,1,3,6,0,0,25,6,0,0,21,0,3,0,7,6,4,263,4,5,6,0,21,0,0,0,7,6,2,264,25,6,0,1,21,0,1,0,34,6,0,0,2,7,0,0,12,9,265,265,22,0,9,266,21,0,1,0,3,8,1,1,3,8,0,0,25,8,0,0,21,0,1,0,7,8,2,267,25,8,0,0,21,0,4,0,7,9,2,267,7,8,9,268,4,7,8,0,21,0,20,0,10,9,263,263,22,0,9,260,21,0,1,0,3,8,1,1,3,8,0,0,25,8,0,0,21,0,1,0,7,8,2,269,25,8,0,0,21,0,3,0,7,8,2,269,4,7,8,0,21,0,7,0,5,8,14,0,1,11,15,0,4,12,1,0,20,9,11,12,27,8,2,1,2,8,0,0,29,8,2,0,37,8,0,0,1,9,16,0,9,10,0,0,1,13,18,0,4,14,1,0,20,12,13,14,8,10,273,12,5,19,20,0,7,13,19,277,1,14,7,0,1,15,6,0,1,16,6,0,1,17,22,0,27,13,5,2,8,10,275,13,8,10,279,263,8,10,280,262,5,21,26,0,7,20,21,281,7,19,20,283,8,10,281,19,8,10,269,7,27,8,3,2,37,9,0,0,1,10,16,0,9,11,0,0,8,11,273,284,5,19,20,0,7,13,19,277,1,14,7,0,1,15,6,0,1,16,6,0,1,17,22,0,27,13,5,2,8,11,275,13,8,11,279,263,8,11,280,262,8,11,269,8,27,9,3,2,37,10,0,0,1,11,29,0,9,12,0,0,5,20,20,0,7,14,20,277,1,15,7,0,1,20,30,0,17,16,20,0,1,17,7,0,1,18,6,0,27,14,5,2,8,12,275,14,8,12,279,263,8,12,256,3,37,21,1,0,7,20,21,256,8,12,287,20,8,12,288,289,37,22,2,0,7,21,22,291,8,12,290,21,5,24,26,0,7,23,24,292,7,22,23,293,8,12,292,22,8,12,269,9,27,10,3,2,37,11,0,0,1,12,38,0,9,13,0,0,8,13,273,295,5,19,20,0,7,15,19,296,1,16,41,0,1,17,42,0,27,15,3,2,8,13,275,15,5,25,20,0,7,19,25,277,1,20,7,0,1,25,41,0,17,21,25,0,1,22,44,0,1,25,45,0,17,23,25,0,27,19,5,2,8,13,299,19,37,26,1,0,7,25,26,303,8,13,302,25,8,13,280,262,8,13,256,304,8,13,305,306,8,13,269,9,27,11,3,2,37,15,3,0,4,16,11,0,1,17,51,0,27,15,3,1,37,12,0,0,1,13,29,0,9,14,0,0,5,22,20,0,7,16,22,277,1,17,7,0,1,22,22,0,17,18,22,0,1,19,7,0,1,20,6,0,27,16,5,2,8,14,275,16,5,26,20,0,7,22,26,296,1,23,52,0,1,24,6,0,27,22,3,2,8,14,299,22,8,14,279,263,4,26,5,0,25,26,0,0,21,0,3,0,5,26,53,0,4,27,5,0,27,26,2,2,25,26,0,1,21,0,1,0,1,26,54,0,8,14,256,26,37,28,1,0,7,27,28,256,8,14,287,27,8,14,288,311,37,29,2,0,7,28,29,291,8,14,290,28,5,31,26,0,7,30,31,292,7,29,30,293,8,14,292,29,5,32,26,0,7,31,32,312,7,30,31,313,8,14,312,30,8,14,269,11,27,12,3,2,37,13,0,0,1,14,29,0,9,15,0,0,5,21,20,0,7,17,21,296,1,18,58,0,1,19,58,0,27,17,3,2,8,15,275,17,5,27,20,0,7,21,27,277,1,22,7,0,1,27,22,0,17,23,27,0,1,24,44,0,1,27,5,0,17,25,27,0,27,21,5,2,8,15,299,21,8,15,279,263,8,15,256,315,37,28,1,0,7,27,28,316,8,15,287,27,8,15,288,317,5,31,34,0,7,28,31,277,37,29,4,0,27,28,2,2,8,15,318,28,5,33,26,0,7,32,33,292,7,31,32,319,8,15,292,31,5,34,26,0,7,33,34,320,7,32,33,319,8,15,320,32,8,15,269,11,27,13,3,2,37,14,0,0,1,15,16,0,9,16,0,0,8,16,273,321,5,24,20,0,7,18,24,277,1,19,7,0,1,20,6,0,1,21,6,0,1,22,6,0,27,18,5,2,8,16,275,18,5,30,20,0,7,24,30,277,1,25,6,0,1,26,6,0,1,27,6,0,1,28,66,0,27,24,5,2,8,16,299,24,37,31,1,0,7,30,31,323,8,16,302,30,8,16,280,262,8,16,324,325,8,16,326,306,8,16,269,8,27,14,3,2,37,18,3,0,4,19,14,0,1,20,51,0,27,18,3,1,37,18,5,0,4,19,14,0,37,24,1,0,7,20,24,327,1,21,7,0,1,22,6,0,27,18,5,1,37,15,0,0,1,16,16,0,9,17,0,0,5,25,20,0,7,19,25,277,1,20,7,0,1,25,52,0,17,21,25,0,1,22,6,0,1,23,6,0,27,19,5,2,8,17,275,19,5,29,20,0,7,25,29,296,1,26,51,0,1,27,51,0,27,25,3,2,8,17,299,25,8,17,279,263,5,31,26,0,7,30,31,281,7,29,30,283,8,17,281,29,8,17,269,14,27,15,3,2,37,19,0,0,1,20,72,0,9,21,0,0,5,25,26,0,7,24,25,329,7,23,24,330,8,21,329,23,5,26,26,0,7,25,26,331,7,24,25,332,8,21,331,24,5,29,78,0,7,25,29,277,1,26,6,0,1,27,4,0,27,25,3,2,8,21,333,25,8,21,269,15,27,19,3,1,4,16,5,0,3,17,0,0,9,18,0,0,34,19,1,0,5,20,79,0,4,21,4,0,27,20,2,4,42,20,0,0,32,20,0,2,21,0,80,0,37,25,0,0,1,26,38,0,9,27,0,0,1,30,80,0,5,31,53,0,4,32,24,0,27,31,2,2,20,29,30,31,8,27,273,29,5,36,20,0,7,30,36,277,1,31,7,0,1,32,6,0,1,33,6,0,1,34,22,0,27,30,5,2,8,27,275,30,22,0,24,16,21,0,1,0,3,36,1,1,3,36,0,0,25,36,0,0,21,0,2,0,37,37,1,0,7,36,37,337,25,36,0,1,21,0,2,0,37,37,1,0,7,36,37,303,8,27,302,36,8,27,280,262,5,37,53,0,4,38,24,0,27,37,2,2,8,27,256,37,22,0,24,16,21,0,1,0,3,40,1,1,3,40,0,0,25,40,0,0,21,0,6,0,5,45,82,0,7,40,45,339,1,41,84,0,1,42,84,0,1,43,84,0,27,40,4,2,25,40,0,1,21,0,2,0,37,41,1,0,7,40,41,256,8,27,287,40,8,27,288,341,37,42,2,0,7,41,42,291,8,27,290,41,8,27,305,306,8,27,332,23,8,27,269,15,27,25,3,2,37,29,3,0,4,30,25,0,1,31,51,0,27,29,3,1,7,33,25,342,36,29,33,343,34,31,2,0,27,29,3,1,7,33,25,344,36,29,33,343,34,31,3,0,27,29,3,1,7,33,25,345,36,29,33,343,34,31,4,0,27,29,3,1,4,29,25,0,8,18,24,29,39,23,0,0,21,0,-82,0,5,24,90,0,7,20,24,347,19,26,4,0,12,25,26,278,19,28,4,0,11,27,28,263,12,26,27,260,10,24,25,26,10,21,24,308,1,22,92,0,27,20,3,2,34,21,5,0,7,28,11,345,36,24,28,343,34,26,6,0,27,24,3,1,7,28,11,342,36,24,28,343,34,26,7,0,27,24,3,1,7,28,11,344,36,24,28,343,34,26,8,0,27,24,3,1,37,29,8,0,7,28,29,349,36,24,28,343,34,26,9,0,27,24,3,1,9,22,0,0,8,22,350,1,8,22,351,8,8,22,295,11,8,22,321,14,34,24,10,0,8,22,352,24,34,25,11,0,8,22,353,25,34,26,12,0,8,22,354,26,34,27,13,0,8,22,355,27,34,28,14,0,8,22,356,28,4,24,22,0,37,27,9,0,7,26,27,357,7,25,26,358,8,25,1,24,4,24,22,0,29,24,2,0},P={{K={},C={29,0,1,0},P={},U=nil,nParams=0,mR=2,vA=false},{K={15,225,"tostring","Text","pairs",100,7,2,"Accent","BackgroundColor3","Color3","fromRGB",255,"TextColor3","Box",12,144,"pcall"},C={12,3,256,256,22,0,3,257,21,0,1,0,3,2,1,1,3,2,0,0,25,2,0,0,21,0,5,0,37,3,0,0,22,0,0,3,21,0,1,0,3,2,1,1,3,2,0,0,25,2,0,0,21,0,2,0,29,0,1,0,21,0,0,0,4,2,0,0,38,2,0,0,5,2,2,0,4,3,0,0,27,2,2,2,37,5,1,0,8,5,259,2,5,2,4,0,37,3,2,0,27,2,2,4,42,2,0,0,32,2,0,2,21,0,33,0,14,8,261,262,22,0,8,263,21,0,1,0,3,7,1,1,3,7,0,0,25,7,0,0,21,0,5,0,37,8,0,0,22,0,5,8,21,0,1,0,3,7,1,1,3,7,0,0,25,7,0,0,21,0,11,0,37,8,3,0,7,7,8,264,8,6,265,7,5,12,10,0,7,7,12,267,1,8,12,0,1,9,12,0,1,10,12,0,27,7,4,2,8,6,269,7,21,0,6,0,37,8,3,0,7,7,8,270,8,6,265,7,37,8,3,0,7,7,8,259,8,6,269,7,39,5,0,0,21,0,-35,0,12,3,271,271,22,0,3,272,21,0,1,0,3,2,1,1,3,2,0,0,25,2,0,0,21,0,1,0,4,2,1,0,25,2,0,0,21,0,5,0,5,2,17,0,37,3,4,0,37,4,0,0,27,2,3,1,21,0,0,0,29,0,1,0},P={},U={{1,16},{1,12},{1,18},{0,1},{1,6}},nParams=2,mR=18,vA=false},{K={3,2,9,"Hover","BackgroundColor3"},C={15,1,256,257,22,0,1,258,21,0,1,0,3,0,1,1,3,0,0,0,25,0,0,0,21,0,6,0,37,1,0,0,37,2,1,0,22,1,1,2,21,0,1,0,3,0,1,1,3,0,0,0,25,0,0,0,21,0,5,0,37,1,2,0,7,0,1,259,37,1,3,0,8,1,260,0,21,0,0,0,29,0,1,0},P={},U={{1,24},{1,16},{0,1},{1,25}},nParams=0,mR=4,vA=false},{K={7,49,"Box","BackgroundColor3"},C={12,1,256,256,22,0,1,257,21,0,1,0,3,0,1,1,3,0,0,0,25,0,0,0,21,0,6,0,37,1,0,0,37,2,1,0,22,1,1,2,21,0,1,0,3,0,1,1,3,0,0,0,25,0,0,0,21,0,5,0,37,1,2,0,7,0,1,258,37,1,3,0,8,1,259,0,21,0,0,0,29,0,1,0},P={},U={{1,24},{1,16},{0,1},{1,25}},nParams=0,mR=4,vA=false},{K={0.15,"Size","UDim2","new",1,0,"Rotation","task","delay",0.16},C={37,0,0,0,37,1,1,0,3,2,1,0,27,0,3,1,3,0,0,0,38,0,2,0,37,0,3,0,37,1,4,0,1,2,0,0,9,3,0,0,5,11,2,0,7,5,11,259,1,6,4,0,1,7,5,0,1,8,5,0,1,9,5,0,27,5,5,2,8,3,257,5,27,0,4,1,37,0,3,0,37,1,5,0,1,2,0,0,9,3,0,0,8,3,262,261,27,0,4,1,5,4,7,0,7,0,4,264,1,1,9,0,34,2,0,0,27,0,3,1,29,0,1,0},P={{K={1,2,"Visible"},C={10,1,256,256,22,0,1,257,21,0,1,0,3,0,1,1,3,0,0,0,25,0,0,0,21,0,2,0,37,1,0,0,18,0,1,0,25,0,0,0,21,0,4,0,3,0,0,0,37,1,1,0,8,1,258,0,21,0,0,0,29,0,1,0},P={},U={{0,2},{0,4}},nParams=0,mR=2,vA=false}},U={{1,19},{1,24},{1,17},{0,6},{1,14},{1,13}},nParams=0,mR=12,vA=false},{K={15,225,"pairs",100,7,2,12,144,"Visible","UDim2","new",1,0,"Size",0.18,"Rotation",180,0.15,"task","delay",0.16},C={2,2,0,0,22,1,0,2,21,0,1,0,3,1,1,1,3,1,0,0,25,1,0,0,21,0,1,0,4,1,0,0,25,1,0,1,21,0,2,0,37,2,0,0,18,1,2,0,38,1,0,0,12,2,256,256,22,0,2,257,21,0,1,0,3,1,1,1,3,1,0,0,25,1,0,0,21,0,1,0,37,1,0,0,25,1,0,0,21,0,26,0,5,1,2,0,37,2,1,0,27,1,2,4,42,1,0,0,32,1,0,2,21,0,19,0,14,7,259,260,22,0,7,261,21,0,1,0,3,6,1,1,3,6,0,0,25,6,0,0,21,0,5,0,37,7,2,0,22,1,4,7,21,0,1,0,3,6,1,1,3,6,0,0,25,6,0,0,21,0,3,0,4,6,5,0,27,6,1,1,21,0,0,0,39,4,0,0,21,0,-21,0,21,0,0,0,12,2,262,262,22,0,2,263,21,0,1,0,3,1,1,1,3,1,0,0,25,1,0,0,21,0,1,0,37,1,0,0,25,1,0,0,21,0,36,0,3,1,1,0,37,2,3,0,8,2,264,1,5,7,9,0,7,1,7,266,1,2,11,0,1,3,12,0,1,4,12,0,1,5,12,0,27,1,5,2,37,7,3,0,8,7,269,1,37,1,4,0,37,2,3,0,1,3,14,0,9,4,0,0,5,12,9,0,7,6,12,266,1,7,11,0,1,8,12,0,1,9,12,0,37,10,5,0,27,6,5,2,8,4,269,6,27,1,4,1,37,1,4,0,37,2,6,0,1,3,14,0,9,4,0,0,8,4,271,272,27,1,4,1,34,1,0,0,37,2,1,0,37,3,2,0,8,2,3,1,21,0,28,0,37,1,4,0,37,2,3,0,1,3,17,0,9,4,0,0,5,12,9,0,7,6,12,266,1,7,11,0,1,8,12,0,1,9,12,0,1,10,12,0,27,6,5,2,8,4,269,6,27,1,4,1,37,1,4,0,37,2,6,0,1,3,17,0,9,4,0,0,8,4,271,268,27,1,4,1,2,1,0,0,37,2,1,0,37,3,2,0,8,2,3,1,5,5,18,0,7,1,5,275,1,2,20,0,34,3,1,0,27,1,3,1,29,0,1,0},P={{K={},C={37,0,0,0,3,1,0,0,27,0,2,1,29,0,1,0},P={},U={{0,7}},nParams=0,mR=3,vA=false},{K={3,2,9,"Visible"},C={15,1,256,257,22,0,1,258,21,0,1,0,3,0,1,1,3,0,0,0,25,0,0,0,21,0,2,0,37,1,0,0,18,0,1,0,25,0,0,0,21,0,4,0,3,0,0,0,37,1,1,0,8,1,259,0,21,0,0,0,29,0,1,0},P={},U={{0,0},{0,3}},nParams=0,mR=2,vA=false}},U={{1,17},{0,7},{1,1},{1,14},{0,6},{1,20},{1,13},{1,21}},nParams=1,mR=21,vA=false},{K={},C={37,0,0,0,27,0,1,1,29,0,1,0},P={},U={{1,21}},nParams=0,mR=2,vA=false},{K={"Anim","BackgroundColor3","Hover"},C={37,0,0,0,37,1,1,0,37,5,2,0,7,2,5,256,9,3,0,0,37,6,3,0,7,5,6,258,8,3,257,5,27,0,4,1,29,0,1,0},P={},U={{0,6},{1,11},{0,2},{0,1}},nParams=0,mR=7,vA=false},{K={"Anim","BackgroundColor3","Box"},C={37,0,0,0,37,1,1,0,37,5,2,0,7,2,5,256,9,3,0,0,37,6,3,0,7,5,6,258,8,3,257,5,27,0,4,1,29,0,1,0},P={},U={{0,6},{1,11},{0,2},{0,1}},nParams=0,mR=7,vA=false},{K={7,49,1,2,"UserInputType","Enum","MouseButton1","Touch","GetMouseLocation",15,225,"pairs"},C={12,3,256,256,22,0,3,257,21,0,1,0,3,2,1,1,3,2,0,0,25,2,0,0,21,0,1,0,4,2,1,0,25,2,0,0,21,0,2,0,29,0,1,0,21,0,0,0,10,3,258,258,22,0,3,259,21,0,1,0,3,2,1,1,3,2,0,0,25,2,0,0,21,0,18,0,7,3,0,260,5,6,5,0,7,5,6,260,7,4,5,262,22,1,3,4,21,0,1,0,3,2,1,1,3,2,0,0,25,2,0,0,21,0,8,0,7,3,0,260,5,6,5,0,7,5,6,260,7,4,5,263,22,1,3,4,21,0,1,0,3,2,1,1,3,2,0,0,25,2,0,0,21,0,2,0,29,0,1,0,21,0,0,0,37,5,0,0,36,2,5,264,27,2,2,2,34,3,0,0,12,7,265,265,22,0,7,266,21,0,1,0,3,6,1,1,3,6,0,0,25,6,0,0,21,0,8,0,4,6,3,0,37,7,1,0,27,6,2,2,25,6,0,1,21,0,3,0,4,6,3,0,37,7,2,0,27,6,2,2,25,6,0,0,21,0,2,0,29,0,1,0,21,0,0,0,5,4,11,0,37,5,3,0,27,4,2,4,42,4,0,0,32,4,0,2,21,0,4,0,4,9,8,0,27,9,1,1,39,7,0,0,21,0,-6,0,29,0,1,0},P={{K={"AbsolutePosition","AbsoluteSize","X","Y"},C={7,1,0,256,7,2,0,257,37,5,0,0,7,4,5,258,7,5,1,258,24,0,5,4,21,0,1,0,3,3,1,1,3,3,0,0,25,3,0,0,21,0,9,0,37,5,0,0,7,4,5,258,7,6,1,258,7,7,2,258,10,5,6,7,24,0,4,5,21,0,1,0,3,3,1,1,3,3,0,0,25,3,0,0,21,0,7,0,37,5,0,0,7,4,5,259,7,5,1,259,24,0,5,4,21,0,1,0,3,3,1,1,3,3,0,0,25,3,0,0,21,0,9,0,37,5,0,0,7,4,5,259,7,6,1,259,7,7,2,259,10,5,6,7,24,0,4,5,21,0,1,0,3,3,1,1,3,3,0,0,29,3,2,0},P={},U={{1,2}},nParams=1,mR=8,vA=false}},U={{0,8},{1,11},{1,14},{0,7}},nParams=2,mR=12,vA=false},{K={},C={37,0,0,0,29,0,2,0},P={},U={{1,16}},nParams=0,mR=3,vA=false},{K={},C={37,1,0,0,4,2,0,0,3,3,1,0,27,1,3,1,29,0,1,0},P={},U={{1,19}},nParams=1,mR=5,vA=false},{K={"pairs","Destroy","ipairs","TextButton","Name","Option_","tostring","Size","UDim2","new",1,0,22,"BackgroundColor3","Accent","Box","BorderSizePixel","Text","TextColor3","Color3","fromRGB",255,"TextSize",12,"Font","FontMed","AutoButtonColor",false,"LayoutOrder","Parent",4,"MouseEnter","Connect","MouseLeave","MouseButton1Click","math","max",2,8,30,7,49,15,225,"None"},C={5,1,0,0,37,2,0,0,27,1,2,4,42,1,0,0,32,1,0,2,21,0,4,0,36,6,5,257,27,6,2,1,39,4,0,0,21,0,-6,0,9,1,0,0,38,1,0,0,4,1,0,0,25,1,0,1,21,0,1,0,9,1,0,0,38,1,1,0,5,1,2,0,37,2,1,0,27,1,2,4,42,1,0,0,32,1,0,2,21,0,84,0,37,6,2,0,1,7,3,0,9,8,0,0,1,11,5,0,5,12,6,0,4,13,5,0,27,12,2,2,20,10,11,12,8,8,260,10,5,17,8,0,7,11,17,265,1,12,10,0,1,13,11,0,1,14,11,0,1,15,12,0,27,11,5,2,8,8,263,11,37,18,3,0,22,0,5,18,21,0,1,0,3,17,1,1,3,17,0,0,25,17,0,0,21,0,2,0,37,18,4,0,7,17,18,270,25,17,0,1,21,0,2,0,37,18,4,0,7,17,18,271,8,8,269,17,8,8,272,267,5,18,6,0,4,19,5,0,27,18,2,2,8,8,273,18,37,22,3,0,22,0,5,22,21,0,1,0,3,21,1,1,3,21,0,0,25,21,0,0,21,0,6,0,5,26,19,0,7,21,26,276,1,22,21,0,1,23,21,0,1,24,21,0,27,21,4,2,25,21,0,1,21,0,2,0,37,22,4,0,7,21,22,273,8,8,274,21,8,8,278,279,37,23,5,0,7,22,23,281,8,8,280,22,8,8,282,283,8,8,284,4,37,23,6,0,8,8,285,23,27,6,3,2,37,10,7,0,4,11,6,0,1,12,30,0,27,10,3,1,7,14,6,287,36,10,14,288,34,12,0,0,27,10,3,1,7,14,6,289,36,10,14,288,34,12,1,0,27,10,3,1,7,14,6,290,36,10,14,288,34,12,2,0,27,10,3,1,4,10,6,0,37,11,0,0,8,11,5,10,39,4,0,0,21,0,-86,0,37,2,1,0,19,1,2,0,5,6,35,0,7,2,6,292,12,7,1,268,5,13,35,0,7,9,13,292,11,10,1,266,1,11,11,0,27,9,3,2,12,8,9,293,10,6,7,8,10,3,6,294,1,4,39,0,27,2,3,2,38,2,13,0,5,8,8,0,7,2,8,265,1,3,10,0,1,4,11,0,1,5,11,0,37,6,13,0,27,2,5,2,37,8,11,0,8,8,263,2,12,3,296,296,22,0,3,297,21,0,1,0,3,2,1,1,3,2,0,0,25,2,0,0,21,0,1,0,37,2,3,0,25,2,0,0,21,0,45,0,3,2,0,0,5,3,2,0,37,4,1,0,27,3,2,4,42,3,0,0,32,3,0,2,21,0,20,0,10,9,266,266,22,0,9,293,21,0,1,0,3,8,1,1,3,8,0,0,25,8,0,0,21,0,5,0,37,9,3,0,22,0,7,9,21,0,1,0,3,8,1,1,3,8,0,0,25,8,0,0,21,0,4,0,3,8,1,0,4,2,8,0,21,0,3,0,21,0,0,0,39,6,0,0,21,0,-22,0,12,4,298,298,22,0,4,299,21,0,1,0,3,3,1,1,3,3,0,0,25,3,0,0,21,0,1,0,18,3,2,0,25,3,0,0,21,0,6,0,2,3,0,0,38,3,3,0,1,3,44,0,37,4,14,0,8,4,273,3,21,0,0,0,39,2,0,0,21,0,0,0,29,0,1,0},P={{K={100,7,2,"Hover","BackgroundColor3"},C={14,1,256,257,22,0,1,258,21,0,1,0,3,0,1,1,3,0,0,0,25,0,0,0,21,0,6,0,37,1,0,0,37,2,1,0,22,1,1,2,21,0,1,0,3,0,1,1,3,0,0,0,25,0,0,0,21,0,5,0,37,1,2,0,7,0,1,259,37,1,3,0,8,1,260,0,21,0,0,0,29,0,1,0},P={},U={{1,5},{0,3},{0,4},{1,6}},nParams=0,mR=4,vA=false},{K={12,144,"Box","BackgroundColor3"},C={12,1,256,256,22,0,1,257,21,0,1,0,3,0,1,1,3,0,0,0,25,0,0,0,21,0,6,0,37,1,0,0,37,2,1,0,22,1,1,2,21,0,1,0,3,0,1,1,3,0,0,0,25,0,0,0,21,0,5,0,37,1,2,0,7,0,1,258,37,1,3,0,8,1,259,0,21,0,0,0,29,0,1,0},P={},U={{1,5},{0,3},{0,4},{1,6}},nParams=0,mR=4,vA=false},{K={0.15,"Size","UDim2","new",1,0,"Rotation","task","delay",0.16},C={37,0,0,0,37,1,1,0,3,2,1,0,27,0,3,1,3,0,0,0,38,0,2,0,37,0,3,0,37,1,4,0,1,2,0,0,9,3,0,0,5,11,2,0,7,5,11,259,1,6,4,0,1,7,5,0,1,8,5,0,1,9,5,0,27,5,5,2,8,3,257,5,27,0,4,1,37,0,3,0,37,1,5,0,1,2,0,0,9,3,0,0,8,3,262,261,27,0,4,1,5,4,7,0,7,0,4,264,1,1,9,0,34,2,0,0,27,0,3,1,29,0,1,0},P={{K={3,2,9,"Visible"},C={15,1,256,257,22,0,1,258,21,0,1,0,3,0,1,1,3,0,0,0,25,0,0,0,21,0,2,0,37,1,0,0,18,0,1,0,25,0,0,0,21,0,4,0,3,0,0,0,37,1,1,0,8,1,259,0,21,0,0,0,29,0,1,0},P={},U={{0,2},{0,4}},nParams=0,mR=2,vA=false}},U={{0,8},{1,5},{0,9},{0,10},{0,11},{0,12}},nParams=0,mR=12,vA=false}},U={{1,18},{1,4},{0,0},{1,16},{0,1},{0,2},{1,15},{0,3},{1,19},{1,17},{0,6},{1,14},{1,13},{1,20},{1,12}},nParams=1,mR=45,vA=false},{K={},C={37,0,0,0,3,1,1,0,27,0,2,1,29,0,1,0},P={},U={{1,21}},nParams=0,mR=3,vA=false},{K={},C={37,0,0,0,3,1,0,0,27,0,2,1,29,0,1,0},P={},U={{1,21}},nParams=0,mR=3,vA=false}},U={{1,10},{1,6},{1,7},{1,11},{1,15},{1,12},{1,14},{1,45},{1,1},{1,5}},nParams=3,mR=93,vA=false},{K={"Text","Default","None","Callback",100,7,2,"Groupbox","Container",12,144,"Parent","warn","[UI:AddKeyPicker] \208\189\208\181\209\130 Groupbox/Parent: ","Frame","Name","KeyPicker_","Size","UDim2","new",1,0,22,"BackgroundTransparency","BorderSizePixel","TextLabel",110,"TextColor3","TextSize",13,"Font","FontMed","TextXAlignment","Enum","Left","TextButton","KeyBtn","fromOffset",20,"Position",0.5,10,"BackgroundColor3","Box",11,"AutoButtonColor",false,4,"MouseButton1Click","Connect","MouseButton2Click","MouseEnter","MouseLeave","InputBegan","InputEnded","ID","Row","Button","Get","Set","IsPressed","Registry","KeyPickers"},C={4,3,2,0,25,3,0,1,21,0,1,0,9,3,0,0,4,2,3,0,7,3,2,256,25,3,0,1,21,0,1,0,4,3,1,0,7,4,2,257,25,4,0,1,21,0,1,0,1,4,2,0,7,5,2,259,25,5,0,1,21,0,1,0,34,5,0,0,2,6,0,0,14,8,260,261,22,0,8,262,21,0,1,0,3,7,1,1,3,7,0,0,25,7,0,0,21,0,1,0,7,7,2,263,25,7,0,0,21,0,4,0,7,8,2,263,7,7,8,264,4,6,7,0,21,0,20,0,12,8,265,265,22,0,8,266,21,0,1,0,3,7,1,1,3,7,0,0,25,7,0,0,21,0,1,0,7,7,2,267,25,7,0,0,21,0,3,0,7,7,2,267,4,6,7,0,21,0,7,0,5,7,12,0,1,10,13,0,4,11,1,0,20,8,10,11,27,7,2,1,2,7,0,0,29,7,2,0,37,7,0,0,1,8,14,0,9,9,0,0,1,12,16,0,4,13,1,0,20,11,12,13,8,9,271,11,5,18,18,0,7,12,18,275,1,13,20,0,1,14,21,0,1,15,21,0,1,16,22,0,27,12,5,2,8,9,273,12,8,9,279,276,8,9,280,277,8,9,267,6,27,7,3,2,37,8,0,0,1,9,25,0,9,10,0,0,5,18,18,0,7,12,18,275,1,13,20,0,1,18,26,0,17,14,18,0,1,15,20,0,1,16,21,0,27,12,5,2,8,10,273,12,8,10,279,276,8,10,256,3,37,19,1,0,7,18,19,256,8,10,283,18,8,10,284,285,37,20,2,0,7,19,20,287,8,10,286,19,5,22,33,0,7,21,22,288,7,20,21,290,8,10,288,20,8,10,267,7,27,8,3,2,37,9,0,0,1,10,35,0,9,11,0,0,8,11,271,292,5,17,18,0,7,13,17,293,1,14,4,0,1,15,38,0,27,13,3,2,8,11,273,13,5,23,18,0,7,17,23,275,1,18,20,0,1,23,4,0,17,19,23,0,1,20,40,0,1,23,41,0,17,21,23,0,27,17,5,2,8,11,295,17,37,24,1,0,7,23,24,299,8,11,298,23,8,11,280,277,8,11,256,4,37,25,1,0,7,24,25,256,8,11,283,24,8,11,284,300,37,26,2,0,7,25,26,287,8,11,286,25,8,11,301,302,8,11,267,7,27,9,3,2,37,13,3,0,4,14,9,0,1,15,47,0,27,13,3,1,4,10,4,0,3,11,0,0,9,12,0,0,34,13,1,0,7,18,9,304,36,14,18,305,34,16,2,0,27,14,3,1,7,18,9,306,36,14,18,305,34,16,3,0,27,14,3,1,7,18,9,307,36,14,18,305,34,16,4,0,27,14,3,1,7,18,9,308,36,14,18,305,34,16,5,0,27,14,3,1,37,19,5,0,7,18,19,309,36,14,18,305,34,16,6,0,27,14,3,1,37,19,5,0,7,18,19,310,36,14,18,305,34,16,7,0,27,14,3,1,9,14,0,0,8,14,311,1,8,14,312,7,8,14,313,9,34,15,8,0,8,14,314,15,34,16,9,0,8,14,315,16,34,17,10,0,8,14,316,17,4,15,14,0,37,18,6,0,7,17,18,317,7,16,17,318,8,16,1,15,4,15,14,0,29,15,2,0},P={{K={},C={29,0,1,0},P={},U=nil,nParams=0,mR=2,vA=false},{K={"None","Text","TextColor3",3,2,9,"pcall"},C={4,2,0,0,25,2,0,1,21,0,1,0,1,2,0,0,38,2,0,0,37,2,0,0,37,3,1,0,8,3,257,2,37,3,2,0,7,2,3,257,37,3,1,0,8,3,258,2,15,3,259,260,22,0,3,261,21,0,1,0,3,2,1,1,3,2,0,0,25,2,0,0,21,0,1,0,4,2,1,0,25,2,0,0,21,0,6,0,5,2,6,0,37,3,3,0,37,4,0,0,3,5,1,0,27,2,4,1,21,0,0,0,29,0,1,0},P={},U={{1,10},{1,9},{0,1},{1,5}},nParams=2,mR=7,vA=false},{K={7,49,"Text","TextColor3","Box","BackgroundColor3","...","Accent","Hover"},C={12,1,256,256,22,0,1,257,21,0,1,0,3,0,1,1,3,0,0,0,25,0,0,0,21,0,1,0,37,0,0,0,25,0,0,0,21,0,14,0,3,0,0,0,38,0,0,0,37,0,1,0,37,1,2,0,8,1,258,0,37,1,3,0,7,0,1,258,37,1,2,0,8,1,259,0,37,1,3,0,7,0,1,260,37,1,2,0,8,1,261,0,21,0,13,0,3,0,1,0,38,0,0,0,1,0,6,0,37,1,2,0,8,1,258,0,37,1,3,0,7,0,1,263,37,1,2,0,8,1,259,0,37,1,3,0,7,0,1,264,37,1,2,0,8,1,261,0,29,0,1,0},P={},U={{1,11},{1,10},{1,9},{0,1}},nParams=0,mR=7,vA=false},{K={"Box","BackgroundColor3"},C={3,0,0,0,38,0,0,0,37,1,1,0,7,0,1,256,37,1,2,0,8,1,257,0,37,0,3,0,37,1,4,0,3,2,1,0,27,0,3,1,29,0,1,0},P={},U={{1,11},{0,1},{1,9},{1,13},{1,4}},nParams=0,mR=5,vA=false},{K={1,2,"Anim","BackgroundColor3","Hover"},C={10,1,256,256,22,0,1,257,21,0,1,0,3,0,1,1,3,0,0,0,25,0,0,0,21,0,2,0,37,1,0,0,18,0,1,0,25,0,0,0,21,0,10,0,37,0,1,0,37,1,2,0,37,5,3,0,7,2,5,258,9,3,0,0,37,6,4,0,7,5,6,260,8,3,259,5,27,0,4,1,21,0,0,0,29,0,1,0},P={},U={{1,11},{0,4},{1,9},{0,2},{0,1}},nParams=0,mR=7,vA=false},{K={15,225,"Anim","BackgroundColor3","Box"},C={12,1,256,256,22,0,1,257,21,0,1,0,3,0,1,1,3,0,0,0,25,0,0,0,21,0,2,0,37,1,0,0,18,0,1,0,25,0,0,0,21,0,10,0,37,0,1,0,37,1,2,0,37,5,3,0,7,2,5,258,9,3,0,0,37,6,4,0,7,5,6,260,8,3,259,5,27,0,4,1,21,0,0,0,29,0,1,0},P={},U={{1,11},{0,4},{1,9},{0,2},{0,1}},nParams=0,mR=7,vA=false},{K={100,7,2,12,144,3,9,"UserInputType","Enum","MouseButton1",49,"MouseButton2",1,"MouseButton3",15,225,"KeyCode","Unknown","Name","Box","BackgroundColor3","pcall"},C={14,3,256,257,22,0,3,258,21,0,1,0,3,2,1,1,3,2,0,0,25,2,0,0,21,0,1,0,4,2,1,0,25,2,0,0,21,0,2,0,29,0,1,0,21,0,0,0,12,3,259,259,22,0,3,260,21,0,1,0,3,2,1,1,3,2,0,0,25,2,0,0,21,0,1,0,37,2,0,0,25,2,0,0,21,0,109,0,2,2,0,0,15,4,261,258,22,0,4,262,21,0,1,0,3,3,1,1,3,3,0,0,25,3,0,0,21,0,8,0,7,4,0,263,5,7,8,0,7,6,7,263,7,5,6,265,22,0,4,5,21,0,1,0,3,3,1,1,3,3,0,0,25,3,0,0,21,0,3,0,1,3,9,0,4,2,3,0,21,0,64,0,12,4,257,257,22,0,4,266,21,0,1,0,3,3,1,1,3,3,0,0,25,3,0,0,21,0,8,0,7,4,0,263,5,7,8,0,7,6,7,263,7,5,6,267,22,0,4,5,21,0,1,0,3,3,1,1,3,3,0,0,25,3,0,0,21,0,3,0,1,3,11,0,4,2,3,0,21,0,44,0,10,4,268,268,22,0,4,258,21,0,1,0,3,3,1,1,3,3,0,0,25,3,0,0,21,0,8,0,7,4,0,263,5,7,8,0,7,6,7,263,7,5,6,269,22,0,4,5,21,0,1,0,3,3,1,1,3,3,0,0,25,3,0,0,21,0,3,0,1,3,13,0,4,2,3,0,21,0,24,0,12,4,270,270,22,0,4,271,21,0,1,0,3,3,1,1,3,3,0,0,25,3,0,0,21,0,11,0,7,3,0,272,25,3,0,0,21,0,8,0,7,4,0,272,5,7,8,0,7,6,7,272,7,5,6,273,22,1,4,5,21,0,1,0,3,3,1,1,3,3,0,0,25,3,0,0,21,0,4,0,7,4,0,272,7,3,4,274,4,2,3,0,21,0,0,0,14,4,256,257,22,0,4,258,21,0,1,0,3,3,1,1,3,3,0,0,25,3,0,0,21,0,1,0,4,3,2,0,25,3,0,0,21,0,11,0,3,3,0,0,38,3,0,0,37,4,1,0,7,3,4,275,37,4,2,0,8,4,276,3,37,3,3,0,4,4,2,0,3,5,1,0,27,3,3,1,21,0,0,0,29,0,1,0,39,2,0,0,21,0,0,0,3,2,0,0,12,4,259,259,22,0,4,260,21,0,1,0,3,3,1,1,3,3,0,0,25,3,0,0,21,0,15,0,7,4,0,263,5,7,8,0,7,6,7,263,7,5,6,265,22,0,4,5,21,0,1,0,3,3,1,1,3,3,0,0,25,3,0,0,21,0,5,0,37,4,4,0,22,0,4,265,21,0,1,0,3,3,1,1,3,3,0,0,25,3,0,0,21,0,3,0,3,3,1,0,4,2,3,0,21,0,0,0,15,4,261,258,22,0,4,262,21,0,1,0,3,3,1,1,3,3,0,0,25,3,0,0,21,0,15,0,7,4,0,263,5,7,8,0,7,6,7,263,7,5,6,267,22,0,4,5,21,0,1,0,3,3,1,1,3,3,0,0,25,3,0,0,21,0,5,0,37,4,4,0,22,0,4,267,21,0,1,0,3,3,1,1,3,3,0,0,25,3,0,0,21,0,3,0,3,3,1,0,4,2,3,0,21,0,0,0,12,4,257,257,22,0,4,266,21,0,1,0,3,3,1,1,3,3,0,0,25,3,0,0,21,0,15,0,7,4,0,263,5,7,8,0,7,6,7,263,7,5,6,269,22,0,4,5,21,0,1,0,3,3,1,1,3,3,0,0,25,3,0,0,21,0,5,0,37,4,4,0,22,0,4,269,21,0,1,0,3,3,1,1,3,3,0,0,25,3,0,0,21,0,3,0,3,3,1,0,4,2,3,0,21,0,0,0,10,4,268,268,22,0,4,258,21,0,1,0,3,3,1,1,3,3,0,0,25,3,0,0,21,0,10,0,7,3,0,272,25,3,0,0,21,0,7,0,7,5,0,272,7,4,5,274,37,5,4,0,22,0,4,5,21,0,1,0,3,3,1,1,3,3,0,0,25,3,0,0,21,0,3,0,3,3,1,0,4,2,3,0,21,0,0,0,12,4,270,270,22,0,4,271,21,0,1,0,3,3,1,1,3,3,0,0,25,3,0,0,21,0,1,0,4,3,2,0,25,3,0,0,21,0,10,0,3,3,1,0,37,4,5,0,37,5,6,0,8,4,5,3,5,3,21,0,37,4,7,0,37,5,4,0,3,6,1,0,27,3,4,1,21,0,0,0,29,0,1,0},P={},U={{1,11},{0,1},{1,9},{1,13},{1,10},{1,12},{1,1},{1,5}},nParams=2,mR=22,vA=false},{K={100,7,2,"UserInputType","Enum","MouseButton1",12,144,"MouseButton2",3,9,"MouseButton3",49,"KeyCode","Name",1,"pcall"},C={3,1,0,0,14,3,256,257,22,0,3,258,21,0,1,0,3,2,1,1,3,2,0,0,25,2,0,0,21,0,15,0,7,3,0,259,5,6,4,0,7,5,6,259,7,4,5,261,22,0,3,4,21,0,1,0,3,2,1,1,3,2,0,0,25,2,0,0,21,0,5,0,37,3,0,0,22,0,3,261,21,0,1,0,3,2,1,1,3,2,0,0,25,2,0,0,21,0,3,0,3,2,1,0,4,1,2,0,21,0,0,0,12,3,262,262,22,0,3,263,21,0,1,0,3,2,1,1,3,2,0,0,25,2,0,0,21,0,15,0,7,3,0,259,5,6,4,0,7,5,6,259,7,4,5,264,22,0,3,4,21,0,1,0,3,2,1,1,3,2,0,0,25,2,0,0,21,0,5,0,37,3,0,0,22,0,3,264,21,0,1,0,3,2,1,1,3,2,0,0,25,2,0,0,21,0,3,0,3,2,1,0,4,1,2,0,21,0,0,0,15,3,265,258,22,0,3,266,21,0,1,0,3,2,1,1,3,2,0,0,25,2,0,0,21,0,15,0,7,3,0,259,5,6,4,0,7,5,6,259,7,4,5,267,22,0,3,4,21,0,1,0,3,2,1,1,3,2,0,0,25,2,0,0,21,0,5,0,37,3,0,0,22,0,3,267,21,0,1,0,3,2,1,1,3,2,0,0,25,2,0,0,21,0,3,0,3,2,1,0,4,1,2,0,21,0,0,0,12,3,257,257,22,0,3,268,21,0,1,0,3,2,1,1,3,2,0,0,25,2,0,0,21,0,10,0,7,2,0,269,25,2,0,0,21,0,7,0,7,4,0,269,7,3,4,270,37,4,0,0,22,0,3,4,21,0,1,0,3,2,1,1,3,2,0,0,25,2,0,0,21,0,3,0,3,2,1,0,4,1,2,0,21,0,0,0,10,3,271,271,22,0,3,258,21,0,1,0,3,2,1,1,3,2,0,0,25,2,0,0,21,0,6,0,4,2,1,0,25,2,0,0,21,0,3,0,37,3,1,0,37,4,2,0,7,2,3,4,25,2,0,0,21,0,10,0,2,2,0,0,37,3,1,0,37,4,2,0,8,3,4,2,5,2,16,0,37,3,3,0,37,4,0,0,3,5,0,0,27,2,4,1,21,0,0,0,29,0,1,0},P={},U={{1,10},{1,12},{1,1},{1,5}},nParams=1,mR=17,vA=false},{K={},C={37,0,0,0,29,0,2,0},P={},U={{1,10}},nParams=0,mR=3,vA=false},{K={},C={37,1,0,0,4,2,0,0,3,3,1,0,27,1,3,1,29,0,1,0},P={},U={{1,13}},nParams=1,mR=5,vA=false},{K={true},C={37,2,0,0,37,3,1,0,7,1,2,3,22,0,1,256,21,0,1,0,3,0,1,1,3,0,0,0,29,0,2,0},P={},U={{1,12},{1,1}},nParams=0,mR=4,vA=false}},U={{1,10},{1,6},{1,7},{1,11},{1,14},{1,1},{1,5}},nParams=3,mR=48,vA=false},{K={"Text","Default","","Placeholder","Callback",15,225,"Groupbox","Container",100,7,2,"Parent","warn","[UI:AddTextbox] \208\189\208\181\209\130 Groupbox/Parent: ","Frame","Name","Textbox_","Size","UDim2","new",1,0,22,"BackgroundTransparency","BorderSizePixel","TextLabel",130,"TextColor3","TextSize",13,"Font","FontMed","TextXAlignment","Enum","Left","TextBox","Input","fromOffset",120,20,"Position",0.5,10,"BackgroundColor3","Box",12,"PlaceholderText","PlaceholderColor3","TextDim","ClearTextOnFocus",false,4,"UIPadding","PaddingLeft","UDim",8,"PaddingRight","Focused","Connect","FocusLost","GetPropertyChangedSignal","ID","Row","Get","Set","Clear","Registry","Textboxes"},C={4,3,2,0,25,3,0,1,21,0,1,0,9,3,0,0,4,2,3,0,7,3,2,256,25,3,0,1,21,0,1,0,4,3,1,0,7,4,2,257,25,4,0,1,21,0,1,0,1,4,2,0,7,5,2,259,25,5,0,1,21,0,1,0,1,5,2,0,7,6,2,260,25,6,0,1,21,0,1,0,34,6,0,0,2,7,0,0,12,9,261,261,22,0,9,262,21,0,1,0,3,8,1,1,3,8,0,0,25,8,0,0,21,0,1,0,7,8,2,263,25,8,0,0,21,0,4,0,7,9,2,263,7,8,9,264,4,7,8,0,21,0,20,0,14,9,265,266,22,0,9,267,21,0,1,0,3,8,1,1,3,8,0,0,25,8,0,0,21,0,1,0,7,8,2,268,25,8,0,0,21,0,3,0,7,8,2,268,4,7,8,0,21,0,7,0,5,8,13,0,1,11,14,0,4,12,1,0,20,9,11,12,27,8,2,1,2,8,0,0,29,8,2,0,37,8,0,0,1,9,15,0,9,10,0,0,1,13,17,0,4,14,1,0,20,12,13,14,8,10,272,12,5,19,19,0,7,13,19,276,1,14,21,0,1,15,22,0,1,16,22,0,1,17,23,0,27,13,5,2,8,10,274,13,8,10,280,277,8,10,281,278,8,10,268,7,27,8,3,2,37,9,0,0,1,10,26,0,9,11,0,0,5,19,19,0,7,13,19,276,1,14,21,0,1,19,27,0,17,15,19,0,1,16,21,0,1,17,22,0,27,13,5,2,8,11,274,13,8,11,280,277,8,11,256,3,37,20,1,0,7,19,20,256,8,11,284,19,8,11,285,286,37,21,2,0,7,20,21,288,8,11,287,20,5,23,34,0,7,22,23,289,7,21,22,291,8,11,289,21,8,11,268,8,27,9,3,2,37,10,0,0,1,11,36,0,9,12,0,0,8,12,272,293,5,18,19,0,7,14,18,294,1,15,39,0,1,16,40,0,27,14,3,2,8,12,274,14,5,24,19,0,7,18,24,276,1,19,21,0,1,24,39,0,17,20,24,0,1,21,42,0,1,24,43,0,17,22,24,0,27,18,5,2,8,12,297,18,37,25,1,0,7,24,25,301,8,12,300,24,8,12,281,278,8,12,256,4,37,26,1,0,7,25,26,256,8,12,284,25,8,12,285,302,37,27,2,0,7,26,27,288,8,12,287,26,8,12,303,5,37,28,1,0,7,27,28,305,8,12,304,27,8,12,306,307,5,30,34,0,7,29,30,289,7,28,29,291,8,12,289,28,8,12,268,8,27,10,3,2,37,14,3,0,4,15,10,0,1,16,52,0,27,14,3,1,37,14,0,0,1,15,53,0,9,16,0,0,5,22,55,0,7,18,22,276,1,19,22,0,1,20,56,0,27,18,3,2,8,16,310,18,5,26,55,0,7,22,26,276,1,23,22,0,1,24,56,0,27,22,3,2,8,16,313,22,8,16,268,10,27,14,3,1,4,11,4,0,7,18,10,314,36,14,18,315,34,16,1,0,27,14,3,1,7,18,10,316,36,14,18,315,34,16,2,0,27,14,3,1,36,18,10,317,1,20,0,0,27,18,3,2,36,14,18,315,34,16,3,0,27,14,3,1,9,12,0,0,8,12,318,1,8,12,319,8,8,12,301,10,34,14,4,0,8,12,320,14,34,15,5,0,8,12,321,15,34,16,6,0,8,12,322,16,4,14,12,0,37,17,5,0,7,16,17,323,7,15,16,324,8,15,1,14,4,14,12,0,29,14,2,0},P={{K={},C={29,0,1,0},P={},U=nil,nParams=0,mR=2,vA=false},{K={"Anim","BackgroundColor3","Hover"},C={37,0,0,0,37,1,1,0,37,5,2,0,7,2,5,256,9,3,0,0,37,6,3,0,7,5,6,258,8,3,257,5,27,0,4,1,29,0,1,0},P={},U={{0,4},{1,10},{0,2},{0,1}},nParams=0,mR=7,vA=false},{K={"Text","Anim","BackgroundColor3","Box","pcall"},C={37,2,0,0,7,1,2,256,38,1,1,0,37,1,2,0,37,2,0,0,37,6,3,0,7,3,6,257,9,4,0,0,37,7,4,0,7,6,7,259,8,4,258,6,27,1,4,1,5,1,4,0,37,2,5,0,37,3,1,0,4,4,0,0,27,1,4,1,29,0,1,0},P={},U={{1,10},{1,11},{0,4},{0,2},{0,1},{1,6}},nParams=1,mR=8,vA=false},{K={"Text"},C={37,1,0,0,7,0,1,256,38,0,1,0,29,0,1,0},P={},U={{1,10},{1,11}},nParams=0,mR=2,vA=false},{K={},C={37,0,0,0,29,0,2,0},P={},U={{1,11}},nParams=0,mR=3,vA=false},{K={"tostring","","Text"},C={5,1,0,0,4,2,0,0,25,2,0,1,21,0,1,0,1,2,1,0,27,1,2,2,38,1,0,0,37,1,0,0,37,2,1,0,8,2,258,1,29,0,1,0},P={},U={{1,11},{1,10}},nParams=1,mR=4,vA=false},{K={"","Text"},C={1,0,0,0,38,0,0,0,1,0,0,0,37,1,1,0,8,1,257,0,29,0,1,0},P={},U={{1,11},{1,10}},nParams=0,mR=2,vA=false}},U={{1,10},{1,6},{1,7},{1,11},{1,14},{1,5}},nParams=3,mR=57,vA=false},{K={"Text","Callback",12,144,"Groupbox","Container",3,2,9,"Parent","warn","[UI:AddButton] \208\189\208\181\209\130 Groupbox/Parent: ","TextButton","Name","Button_","Size","UDim2","new",1,0,24,"BackgroundColor3","Box","BorderSizePixel","TextColor3","TextSize","Font","FontMed","AutoButtonColor",false,4,"MouseEnter","Connect","MouseLeave","MouseButton1Down","MouseButton1Up","MouseButton1Click","ID","Button","SetText"},C={4,3,2,0,25,3,0,1,21,0,1,0,9,3,0,0,4,2,3,0,7,3,2,256,25,3,0,1,21,0,1,0,4,3,1,0,7,4,2,257,25,4,0,1,21,0,1,0,34,4,0,0,2,5,0,0,12,7,258,258,22,0,7,259,21,0,1,0,3,6,1,1,3,6,0,0,25,6,0,0,21,0,1,0,7,6,2,260,25,6,0,0,21,0,4,0,7,7,2,260,7,6,7,261,4,5,6,0,21,0,20,0,15,7,262,263,22,0,7,264,21,0,1,0,3,6,1,1,3,6,0,0,25,6,0,0,21,0,1,0,7,6,2,265,25,6,0,0,21,0,3,0,7,6,2,265,4,5,6,0,21,0,7,0,5,6,10,0,1,9,11,0,4,10,1,0,20,7,9,10,27,6,2,1,2,6,0,0,29,6,2,0,37,6,0,0,1,7,12,0,9,8,0,0,1,11,14,0,4,12,1,0,20,10,11,12,8,8,269,10,5,17,16,0,7,11,17,273,1,12,18,0,1,13,19,0,1,14,19,0,1,15,20,0,27,11,5,2,8,8,271,11,37,18,1,0,7,17,18,278,8,8,277,17,8,8,279,275,8,8,256,3,37,19,1,0,7,18,19,256,8,8,280,18,8,8,281,258,37,20,2,0,7,19,20,283,8,8,282,19,8,8,284,285,8,8,265,5,27,6,3,2,37,10,3,0,4,11,6,0,1,12,30,0,27,10,3,1,7,14,6,287,36,10,14,288,34,12,1,0,27,10,3,1,7,14,6,289,36,10,14,288,34,12,2,0,27,10,3,1,7,14,6,290,36,10,14,288,34,12,3,0,27,10,3,1,7,14,6,291,36,10,14,288,34,12,4,0,27,10,3,1,7,14,6,292,36,10,14,288,34,12,5,0,27,10,3,1,9,7,0,0,8,7,293,1,8,7,294,6,34,10,6,0,8,7,295,10,4,10,7,0,29,10,2,0},P={{K={},C={29,0,1,0},P={},U=nil,nParams=0,mR=2,vA=false},{K={"Anim","BackgroundColor3","Hover"},C={37,0,0,0,37,1,1,0,37,5,2,0,7,2,5,256,9,3,0,0,37,6,3,0,7,5,6,258,8,3,257,5,27,0,4,1,29,0,1,0},P={},U={{0,4},{1,6},{0,2},{0,1}},nParams=0,mR=7,vA=false},{K={"Anim","BackgroundColor3","Box","TextColor3","Text"},C={37,0,0,0,37,1,1,0,37,5,2,0,7,2,5,256,9,3,0,0,37,6,3,0,7,5,6,258,8,3,257,5,37,7,3,0,7,6,7,260,8,3,259,6,27,0,4,1,29,0,1,0},P={},U={{0,4},{1,6},{0,2},{0,1}},nParams=0,mR=8,vA=false},{K={"Accent","BackgroundColor3","Color3","fromRGB",255,"TextColor3"},C={37,1,0,0,7,0,1,256,37,1,1,0,8,1,257,0,5,5,2,0,7,0,5,259,1,1,4,0,1,2,4,0,1,3,4,0,27,0,4,2,37,5,1,0,8,5,261,0,29,0,1,0},P={},U={{0,1},{1,6}},nParams=0,mR=6,vA=false},{K={"Anim","BackgroundColor3","Hover","Text","TextColor3"},C={37,0,0,0,37,1,1,0,37,5,2,0,7,2,5,256,9,3,0,0,37,6,3,0,7,5,6,258,8,3,257,5,27,0,4,1,37,1,3,0,7,0,1,259,37,1,1,0,8,1,260,0,29,0,1,0},P={},U={{0,4},{1,6},{0,2},{0,1}},nParams=0,mR=7,vA=false},{K={"pcall"},C={5,0,0,0,37,1,0,0,27,0,2,1,29,0,1,0},P={},U={{1,4}},nParams=0,mR=3,vA=false},{K={"Text"},C={4,1,0,0,37,2,0,0,8,2,256,1,29,0,1,0},P={},U={{1,6}},nParams=1,mR=3,vA=false}},U={{1,10},{1,6},{1,7},{1,11},{1,14}},nParams=3,mR=31,vA=false},{K={"Tabs",7,49,"Right","Left","Frame","Size","UDim2","new",1,0,110,"BackgroundColor3","Panel","BorderSizePixel","LayoutOrder","Parent","Corner","PanelStroke","ImageLabel","fromOffset",70,"Position",14,20,"Box","Image","rbxthumb://type=Avatar&id=","UserId","&w=420&h=420",6,"TextLabel",100,22,96,24,"BackgroundTransparency","Text","DisplayName","TextColor3","TextSize",17,"Font","FontBold","TextXAlignment","Enum","TextTruncate","AtEnd",16,48,"@","Name","TextDim",12,"FontMed",68,"ID: ","TextGroup",11},C={37,6,0,0,7,5,6,256,7,4,5,1,12,6,257,257,22,0,6,258,21,0,1,0,3,5,1,1,3,5,0,0,25,5,0,0,21,0,1,0,18,5,4,0,25,5,0,0,21,0,2,0,29,0,1,0,21,0,0,0,22,0,2,259,21,0,1,0,3,5,1,1,3,5,0,0,25,5,0,0,21,0,1,0,7,5,4,259,25,5,0,1,21,0,1,0,7,5,4,260,37,6,1,0,1,7,5,0,9,8,0,0,5,16,7,0,7,10,16,264,1,11,9,0,1,12,10,0,1,13,10,0,1,14,11,0,27,10,5,2,8,8,262,10,37,17,2,0,7,16,17,269,8,8,268,16,8,8,270,266,4,17,3,0,25,17,0,1,21,0,1,0,1,17,9,0,8,8,271,17,8,8,272,5,27,6,3,2,37,10,3,0,4,11,6,0,37,14,4,0,7,12,14,273,27,10,3,1,37,10,5,0,4,11,6,0,37,16,2,0,7,12,16,274,1,13,9,0,1,14,10,0,27,10,5,1,37,7,1,0,1,8,19,0,9,9,0,0,5,15,7,0,7,11,15,276,1,12,21,0,1,13,21,0,27,11,3,2,8,9,262,11,5,19,7,0,7,15,19,276,1,16,23,0,1,17,24,0,27,15,3,2,8,9,278,15,37,20,2,0,7,19,20,281,8,9,268,19,8,9,270,266,1,21,27,0,37,24,6,0,7,22,24,284,1,23,29,0,20,20,21,23,8,9,282,20,8,9,272,6,27,7,3,2,37,11,3,0,4,12,7,0,1,13,30,0,27,11,3,1,37,8,1,0,1,9,31,0,9,10,0,0,5,18,7,0,7,12,18,264,1,13,9,0,1,18,32,0,17,14,18,0,1,15,10,0,1,16,33,0,27,12,5,2,8,10,262,12,5,22,7,0,7,18,22,276,1,19,34,0,1,20,35,0,27,18,3,2,8,10,278,18,8,10,292,265,37,23,6,0,7,22,23,294,8,10,293,22,37,24,2,0,7,23,24,293,8,10,295,23,8,10,296,297,37,25,4,0,7,24,25,299,8,10,298,24,5,27,45,0,7,26,27,300,7,25,26,260,8,10,300,25,5,28,45,0,7,27,28,302,7,26,27,303,8,10,302,26,8,10,272,6,27,8,3,2,37,9,1,0,1,10,31,0,9,11,0,0,5,19,7,0,7,13,19,264,1,14,9,0,1,19,32,0,17,15,19,0,1,16,10,0,1,17,48,0,27,13,5,2,8,11,262,13,5,23,7,0,7,19,23,276,1,20,34,0,1,21,49,0,27,19,3,2,8,11,278,19,8,11,292,265,1,24,50,0,37,26,6,0,7,25,26,307,20,23,24,25,8,11,293,23,37,25,2,0,7,24,25,308,8,11,295,24,8,11,296,309,37,26,4,0,7,25,26,310,8,11,298,25,5,28,45,0,7,27,28,300,7,26,27,260,8,11,300,26,5,29,45,0,7,28,29,302,7,27,28,303,8,11,302,27,8,11,272,6,27,9,3,2,37,10,1,0,1,11,31,0,9,12,0,0,5,20,7,0,7,14,20,264,1,15,9,0,1,20,32,0,17,16,20,0,1,17,10,0,1,18,48,0,27,14,5,2,8,12,262,14,5,24,7,0,7,20,24,276,1,21,34,0,1,22,55,0,27,20,3,2,8,12,278,20,8,12,292,265,1,25,56,0,37,27,6,0,7,26,27,284,20,24,25,26,8,12,293,24,37,26,2,0,7,25,26,313,8,12,295,25,8,12,296,314,37,27,4,0,7,26,27,310,8,12,298,26,5,29,45,0,7,28,29,300,7,27,28,260,8,12,300,27,8,12,272,6,27,10,3,2,4,14,6,0,29,14,2,0},P={},U={{1,5},{1,10},{1,6},{1,11},{1,7},{1,12},{1,4}},nParams=4,mR=57,vA=false},{K={"Text",1,2,"Groupbox","Container",15,225,"Parent","warn","[UI:AddLabel] \208\189\208\181\209\130 Groupbox/Parent: ","TextLabel","Size","UDim2","new",0,18,"BackgroundTransparency","TextColor3","TextDim","TextSize",12,"Font","FontMed","TextXAlignment","Enum","Left"},C={4,3,2,0,25,3,0,1,21,0,1,0,9,3,0,0,4,2,3,0,7,3,2,256,25,3,0,1,21,0,1,0,4,3,1,0,2,4,0,0,10,6,257,257,22,0,6,258,21,0,1,0,3,5,1,1,3,5,0,0,25,5,0,0,21,0,1,0,7,5,2,259,25,5,0,0,21,0,4,0,7,6,2,259,7,5,6,260,4,4,5,0,21,0,20,0,12,6,261,261,22,0,6,262,21,0,1,0,3,5,1,1,3,5,0,0,25,5,0,0,21,0,1,0,7,5,2,263,25,5,0,0,21,0,3,0,7,5,2,263,4,4,5,0,21,0,7,0,5,5,8,0,1,8,9,0,4,9,1,0,20,6,8,9,27,5,2,1,2,5,0,0,29,5,2,0,37,5,0,0,1,6,10,0,9,7,0,0,5,15,12,0,7,9,15,269,1,10,1,0,1,11,14,0,1,12,14,0,1,13,15,0,27,9,5,2,8,7,267,9,8,7,272,257,8,7,256,3,37,16,1,0,7,15,16,274,8,7,273,15,8,7,275,276,37,17,2,0,7,16,17,278,8,7,277,16,5,19,24,0,7,18,19,279,7,17,18,281,8,7,279,17,8,7,263,4,27,5,3,0,29,5,0,0},P={},U={{1,10},{1,6},{1,7}},nParams=3,mR=25,vA=false},{K={"Text","Default","SectionOpen","Callback",100,7,2,"Groupbox","Container",12,144,"Parent","warn","[UI:AddCollapsible] \208\189\208\181\209\130 Groupbox/Parent: ","Frame","Name","Collapsible_","Size","UDim2","new",1,0,22,"BackgroundTransparency","BorderSizePixel","AutomaticSize","Enum","Y","TopRow","TextLabel",90,"TextColor3","TextSize",13,"Font","FontMed","TextXAlignment","Left","fromOffset","ToggleW",6,16,"ToggleH","Position",0.5,"Switch","BackgroundColor3","ToggleOn","ToggleOff","Knob","ToggleKnob","TextButton","ArrowBtn",20,"arrow-large-down","TextDim","FontFace","Center","TextYAlignment","AutoButtonColor",false,"Section",26,"Visible","Line",4,"PanelStroke","Inner",14,"UIListLayout","FillDirection","Vertical","SortOrder","LayoutOrder","Padding","UDim",10,"InputBegan","Connect","MouseEnter","MouseLeave","MouseButton1Click","ID","Root","Arrow","Get","Set","Open","Close","IsOpen","Registry","Toggles"},C={4,3,2,0,25,3,0,1,21,0,1,0,9,3,0,0,4,2,3,0,7,3,2,256,25,3,0,1,21,0,1,0,4,3,1,0,7,4,2,257,25,4,0,1,21,0,1,0,3,4,0,0,7,5,2,258,25,5,0,1,21,0,1,0,3,5,0,0,7,6,2,259,25,6,0,1,21,0,1,0,34,6,0,0,2,7,0,0,14,9,260,261,22,0,9,262,21,0,1,0,3,8,1,1,3,8,0,0,25,8,0,0,21,0,1,0,7,8,2,263,25,8,0,0,21,0,4,0,7,9,2,263,7,8,9,264,4,7,8,0,21,0,20,0,12,9,265,265,22,0,9,266,21,0,1,0,3,8,1,1,3,8,0,0,25,8,0,0,21,0,1,0,7,8,2,267,25,8,0,0,21,0,3,0,7,8,2,267,4,7,8,0,21,0,7,0,5,8,12,0,1,11,13,0,4,12,1,0,20,9,11,12,27,8,2,1,2,8,0,0,29,8,2,0,37,8,0,0,1,9,14,0,9,10,0,0,1,13,16,0,4,14,1,0,20,12,13,14,8,10,271,12,5,19,18,0,7,13,19,275,1,14,20,0,1,15,21,0,1,16,21,0,1,17,22,0,27,13,5,2,8,10,273,13,8,10,279,276,8,10,280,277,5,21,26,0,7,20,21,281,7,19,20,283,8,10,281,19,8,10,267,7,27,8,3,2,37,9,0,0,1,10,14,0,9,11,0,0,8,11,271,284,5,19,18,0,7,13,19,275,1,14,20,0,1,15,21,0,1,16,21,0,1,17,22,0,27,13,5,2,8,11,273,13,8,11,279,276,8,11,280,277,8,11,267,8,27,9,3,2,37,10,0,0,1,11,29,0,9,12,0,0,5,20,18,0,7,14,20,275,1,15,20,0,1,20,30,0,17,16,20,0,1,17,20,0,1,18,21,0,27,14,5,2,8,12,273,14,8,12,279,276,8,12,256,3,37,21,1,0,7,20,21,256,8,12,287,20,8,12,288,289,37,22,2,0,7,21,22,291,8,12,290,21,5,24,26,0,7,23,24,292,7,22,23,293,8,12,292,22,8,12,267,9,27,10,3,2,37,11,0,0,1,12,14,0,9,13,0,0,5,19,18,0,7,15,19,294,37,21,2,0,7,20,21,295,10,19,20,296,10,16,19,297,37,19,2,0,7,17,19,298,27,15,3,2,8,13,273,15,5,25,18,0,7,19,25,275,1,20,20,0,37,28,2,0,7,27,28,295,10,26,27,296,10,25,26,297,17,21,25,0,1,22,44,0,37,27,2,0,7,26,27,298,17,25,26,0,13,23,25,262,27,19,5,2,8,13,299,19,8,13,279,276,8,13,267,9,27,11,3,2,37,12,0,0,1,13,14,0,9,14,0,0,8,14,271,301,5,20,18,0,7,16,20,294,37,20,2,0,7,17,20,295,37,20,2,0,7,18,20,298,27,16,3,2,8,14,273,16,5,24,18,0,7,20,24,294,1,21,21,0,1,22,21,0,27,20,3,2,8,14,299,20,4,24,4,0,25,24,0,0,21,0,2,0,37,25,1,0,7,24,25,303,25,24,0,1,21,0,2,0,37,25,1,0,7,24,25,304,8,14,302,24,8,14,280,277,8,14,267,11,27,12,3,2,37,16,3,0,4,17,12,0,37,21,2,0,7,20,21,298,13,18,20,262,27,16,3,1,37,13,0,0,1,14,14,0,9,15,0,0,8,15,271,305,5,21,18,0,7,17,21,294,37,21,2,0,7,18,21,306,37,21,2,0,7,19,21,306,27,17,3,2,8,15,273,17,4,21,4,0,25,21,0,0,21,0,13,0,5,27,18,0,7,21,27,275,1,22,20,0,37,29,2,0,7,28,29,306,17,27,28,0,11,23,27,262,1,24,44,0,37,29,2,0,7,28,29,306,17,27,28,0,13,25,27,262,27,21,5,2,25,21,0,1,21,0,10,0,5,25,18,0,7,21,25,294,1,22,6,0,37,27,2,0,7,26,27,298,37,28,2,0,7,27,28,306,11,25,26,27,13,23,25,262,27,21,3,2,8,15,299,21,37,23,1,0,7,22,23,306,8,15,302,22,8,15,280,277,8,15,267,12,27,13,3,2,37,17,3,0,4,18,13,0,37,22,2,0,7,21,22,306,13,19,21,262,27,17,3,1,37,14,0,0,1,15,51,0,9,16,0,0,8,16,271,308,5,22,18,0,7,18,22,294,1,19,53,0,1,20,53,0,27,18,3,2,8,16,273,18,5,26,18,0,7,22,26,294,37,27,2,0,7,26,27,295,10,23,26,296,37,28,2,0,7,27,28,298,11,26,27,309,13,24,26,262,27,22,3,2,8,16,299,22,8,16,279,276,8,16,256,310,37,27,1,0,7,26,27,311,8,16,287,26,8,16,288,297,5,30,34,0,7,27,30,275,37,28,4,0,27,27,2,2,8,16,312,27,5,32,26,0,7,31,32,292,7,30,31,313,8,16,292,30,5,33,26,0,7,32,33,314,7,31,32,313,8,16,314,31,8,16,315,316,8,16,267,11,27,14,3,2,37,15,0,0,1,16,14,0,9,17,0,0,8,17,271,317,5,25,18,0,7,19,25,275,1,20,20,0,1,21,21,0,1,22,21,0,1,23,21,0,27,19,5,2,8,17,273,19,5,31,18,0,7,25,31,275,1,26,21,0,1,27,21,0,1,28,21,0,1,29,62,0,27,25,5,2,8,17,299,25,8,17,279,276,8,17,280,277,5,33,26,0,7,32,33,281,7,31,32,283,8,17,281,31,8,17,319,5,8,17,267,8,27,15,3,2,37,16,0,0,1,17,14,0,9,18,0,0,8,18,271,320,5,26,18,0,7,20,26,275,1,21,21,0,1,22,20,0,1,23,20,0,1,26,65,0,17,24,26,0,27,20,5,2,8,18,273,20,5,32,18,0,7,26,32,275,1,27,21,0,1,28,65,0,1,29,21,0,1,30,6,0,27,26,5,2,8,18,299,26,37,33,1,0,7,32,33,322,8,18,302,32,8,18,280,277,8,18,267,15,27,16,3,2,37,17,0,0,1,18,14,0,9,19,0,0,8,19,271,323,5,27,18,0,7,21,27,275,1,22,20,0,1,27,41,0,17,23,27,0,1,24,21,0,1,25,21,0,27,21,5,2,8,19,273,21,5,33,18,0,7,27,33,275,1,28,21,0,1,29,68,0,1,30,21,0,1,31,21,0,27,27,5,2,8,19,299,27,8,19,279,276,8,19,280,277,5,35,26,0,7,34,35,281,7,33,34,283,8,19,281,33,8,19,267,15,27,17,3,2,37,21,0,0,1,22,69,0,9,23,0,0,5,27,26,0,7,26,27,326,7,25,26,327,8,23,326,25,5,28,26,0,7,27,28,328,7,26,27,329,8,23,328,26,5,31,75,0,7,27,31,275,1,28,21,0,1,29,76,0,27,27,3,2,8,23,330,27,8,23,267,17,27,21,3,1,4,18,4,0,34,19,1,0,34,20,2,0,34,21,3,0,7,26,12,333,36,22,26,334,34,24,4,0,27,22,3,1,7,26,10,333,36,22,26,334,34,24,5,0,27,22,3,1,7,26,10,335,36,22,26,334,34,24,6,0,27,22,3,1,7,26,10,336,36,22,26,334,34,24,7,0,27,22,3,1,34,22,8,0,7,27,14,337,36,23,27,334,34,25,9,0,27,23,3,1,7,27,14,335,36,23,27,334,34,25,10,0,27,23,3,1,7,27,14,336,36,23,27,334,34,25,11,0,27,23,3,1,9,23,0,0,8,23,338,1,8,23,339,8,8,23,264,17,8,23,317,15,8,23,301,12,8,23,305,13,8,23,340,14,34,24,12,0,8,23,341,24,34,25,13,0,8,23,342,25,34,26,14,0,8,23,343,26,34,27,15,0,8,23,344,27,34,28,16,0,8,23,345,28,4,24,23,0,37,27,7,0,7,26,27,346,7,25,26,347,8,25,1,24,4,24,23,0,29,24,2,0},P={{K={},C={29,0,1,0},P={},U=nil,nParams=0,mR=2,vA=false},{K={"ToggleOn","ToggleOff","UDim2","new",1,"ToggleKnob",2,0.5,"fromOffset","ToggleH","Anim","BackgroundColor3","Position"},C={37,0,0,0,25,0,0,0,21,0,2,0,37,1,1,0,7,0,1,256,25,0,0,1,21,0,2,0,37,1,1,0,7,0,1,257,37,1,0,0,25,1,0,0,21,0,13,0,5,7,2,0,7,1,7,259,1,2,4,0,37,9,2,0,7,8,9,261,17,7,8,0,11,3,7,262,1,4,7,0,37,9,2,0,7,8,9,261,17,7,8,0,13,5,7,262,27,1,5,2,25,1,0,1,21,0,10,0,5,5,2,0,7,1,5,264,1,2,6,0,37,7,2,0,7,6,7,265,37,8,2,0,7,7,8,261,11,5,6,7,13,3,5,262,27,1,3,2,37,2,3,0,37,3,4,0,37,7,2,0,7,4,7,266,9,5,0,0,8,5,267,0,27,2,4,1,37,2,3,0,37,3,5,0,37,7,2,0,7,4,7,266,9,5,0,0,8,5,268,1,27,2,4,1,29,0,1,0},P={},U={{1,18},{0,1},{0,2},{0,5},{1,12},{1,13}},nParams=0,mR=10,vA=false},{K={3,2,9,"pcall"},C={18,3,0,0,18,2,3,0,38,2,0,0,37,2,1,0,27,2,1,1,15,3,256,257,22,0,3,258,21,0,1,0,3,2,1,1,3,2,0,0,25,2,0,0,21,0,1,0,4,2,1,0,25,2,0,0,21,0,5,0,5,2,3,0,37,3,2,0,37,4,0,0,27,2,3,1,21,0,0,0,29,0,1,0},P={},U={{1,18},{1,19},{1,6}},nParams=2,mR=6,vA=false},{K={},C={37,0,0,0,37,4,1,0,18,1,4,0,3,2,1,0,27,0,3,1,29,0,1,0},P={},U={{1,20},{1,18}},nParams=0,mR=5,vA=false},{K={7,49,"UserInputType","Enum","MouseButton1","Touch"},C={12,2,256,256,22,0,2,257,21,0,1,0,3,1,1,1,3,1,0,0,25,1,0,0,21,0,18,0,7,2,0,258,5,5,3,0,7,4,5,258,7,3,4,260,22,0,2,3,21,0,1,0,3,1,1,1,3,1,0,0,25,1,0,1,21,0,8,0,7,2,0,258,5,5,3,0,7,4,5,258,7,3,4,261,22,0,2,3,21,0,1,0,3,1,1,1,3,1,0,0,25,1,0,0,21,0,3,0,37,1,0,0,27,1,1,1,21,0,0,0,29,0,1,0},P={},U={{1,21}},nParams=1,mR=6,vA=false},{K={1,2,"UserInputType","Enum","MouseButton1","Touch"},C={10,2,256,256,22,0,2,257,21,0,1,0,3,1,1,1,3,1,0,0,25,1,0,0,21,0,18,0,7,2,0,258,5,5,3,0,7,4,5,258,7,3,4,260,22,0,2,3,21,0,1,0,3,1,1,1,3,1,0,0,25,1,0,1,21,0,8,0,7,2,0,258,5,5,3,0,7,4,5,258,7,3,4,261,22,0,2,3,21,0,1,0,3,1,1,1,3,1,0,0,25,1,0,0,21,0,3,0,37,1,0,0,27,1,1,1,21,0,0,0,29,0,1,0},P={},U={{1,21}},nParams=1,mR=6,vA=false},{K={"Text","TextColor3"},C={37,1,0,0,7,0,1,256,37,1,1,0,8,1,257,0,29,0,1,0},P={},U={{0,1},{1,10}},nParams=0,mR=2,vA=false},{K={"Text","TextColor3"},C={37,1,0,0,7,0,1,256,37,1,1,0,8,1,257,0,29,0,1,0},P={},U={{0,1},{1,10}},nParams=0,mR=2,vA=false},{K={"Visible","Create","TweenInfo","new",0.2,"Enum","EasingStyle","Quad","EasingDirection","Out","Rotation",180,0,"Play"},C={37,0,0,0,37,1,1,0,8,1,256,0,37,9,2,0,36,3,9,257,37,5,3,0,5,11,2,0,7,6,11,259,1,7,4,0,5,12,5,0,7,11,12,262,7,8,11,263,5,12,5,0,7,11,12,264,7,9,11,265,27,6,4,2,9,7,0,0,37,11,0,0,25,11,0,0,21,0,1,0,1,11,11,0,25,11,0,1,21,0,1,0,1,11,12,0,8,7,266,11,27,3,5,2,36,0,3,269,27,0,2,1,29,0,1,0},P={},U={{1,5},{1,15},{0,6},{1,14}},nParams=0,mR=13,vA=false},{K={},C={37,1,0,0,18,0,1,0,38,0,0,0,37,0,1,0,27,0,1,1,29,0,1,0},P={},U={{1,5},{1,22}},nParams=0,mR=2,vA=false},{K={"Text","TextColor3"},C={37,1,0,0,7,0,1,256,37,1,1,0,8,1,257,0,29,0,1,0},P={},U={{0,1},{1,14}},nParams=0,mR=2,vA=false},{K={"TextDim","TextColor3"},C={37,1,0,0,7,0,1,256,37,1,1,0,8,1,257,0,29,0,1,0},P={},U={{0,1},{1,14}},nParams=0,mR=2,vA=false},{K={},C={37,0,0,0,29,0,2,0},P={},U={{1,18}},nParams=0,mR=3,vA=false},{K={},C={37,1,0,0,4,2,0,0,3,3,1,0,27,1,3,1,29,0,1,0},P={},U={{1,20}},nParams=1,mR=5,vA=false},{K={},C={3,0,1,0,38,0,0,0,37,0,1,0,27,0,1,1,29,0,1,0},P={},U={{1,5},{1,22}},nParams=0,mR=2,vA=false},{K={},C={3,0,0,0,38,0,0,0,37,0,1,0,27,0,1,1,29,0,1,0},P={},U={{1,5},{1,22}},nParams=0,mR=2,vA=false},{K={},C={37,0,0,0,29,0,2,0},P={},U={{1,5}},nParams=0,mR=3,vA=false}},U={{1,10},{1,6},{1,7},{1,11},{1,15},{1,14},{1,2},{1,5}},nParams=3,mR=77,vA=false},{K={"Title","Notification","Content","","Duration",3,"Type","info",1,"Accent","Frame","Name","Notif_","Size","UDim2","fromOffset",280,56,"BackgroundColor3","Panel","BorderSizePixel",0,"ClipsDescendants",true,"LayoutOrder","Parent",6,"new",4,"Position","ZIndex",5,2,"PanelStroke",12,"TextLabel",18,14,19,"BackgroundTransparency","Text","circle-info","TextColor3","TextSize","FontFace","Font","TextXAlignment","Enum","Center","TextYAlignment",50,16,40,13,"FontBold","Left","TextTruncate","AtEnd",24,28,"TextDim",11,"FontMed","Top","TextWrapped",60,"TextTransparency",0.25,"table","insert",15,225,"remove","ipairs","GetChildren",100,7,"IsA","Destroy","task","delay","ID","Card","Close"},C={4,2,1,0,25,2,0,1,21,0,1,0,9,2,0,0,4,1,2,0,7,2,1,256,25,2,0,1,21,0,1,0,1,2,1,0,7,3,1,258,25,3,0,1,21,0,1,0,1,3,3,0,7,4,1,260,25,4,0,1,21,0,1,0,1,4,5,0,7,5,1,262,25,5,0,1,21,0,1,0,1,5,7,0,37,7,0,0,10,6,7,264,38,6,0,0,37,6,0,0,37,8,1,0,7,7,8,5,25,7,0,1,21,0,2,0,37,8,2,0,7,7,8,265,37,8,3,0,1,9,10,0,9,10,0,0,1,13,12,0,4,14,6,0,20,12,13,14,8,10,267,12,5,17,14,0,7,13,17,271,1,14,16,0,1,15,17,0,27,13,3,2,8,10,269,13,37,18,2,0,7,17,18,275,8,10,274,17,8,10,276,277,8,10,278,279,8,10,280,6,37,18,4,0,8,10,281,18,27,8,3,2,37,12,5,0,4,13,8,0,1,14,26,0,27,12,3,1,2,9,0,0,37,10,3,0,1,11,10,0,9,12,0,0,5,20,14,0,7,14,20,283,1,15,21,0,1,16,28,0,1,17,8,0,1,18,21,0,27,14,5,2,8,12,269,14,5,26,14,0,7,20,26,283,1,21,21,0,1,22,21,0,1,23,21,0,1,24,21,0,27,20,5,2,8,12,285,20,8,12,274,7,8,12,276,277,8,12,286,287,8,12,281,8,27,10,3,2,37,14,5,0,4,15,10,0,1,16,32,0,27,14,3,1,37,14,2,0,7,11,14,289,37,12,3,0,1,13,10,0,9,14,0,0,5,22,14,0,7,16,22,283,1,17,21,0,1,18,8,0,1,19,8,0,1,22,34,0,17,20,22,0,27,16,5,2,8,14,269,16,5,28,14,0,7,22,28,283,1,23,8,0,1,28,8,0,17,24,28,0,1,25,21,0,1,26,26,0,27,22,5,2,8,14,285,22,8,14,274,11,8,14,276,277,8,14,286,284,8,14,281,8,27,12,3,2,37,13,3,0,1,14,10,0,9,15,0,0,5,23,14,0,7,17,23,283,1,18,8,0,1,23,34,0,17,19,23,0,1,20,21,0,1,21,8,0,27,17,5,2,8,15,269,17,5,29,14,0,7,23,29,283,1,24,21,0,1,25,26,0,1,26,21,0,1,27,21,0,27,23,5,2,8,15,285,23,8,15,274,11,8,15,276,277,8,15,286,284,8,15,281,8,27,13,3,2,37,14,3,0,1,15,10,0,9,16,0,0,5,24,14,0,7,18,24,283,1,19,8,0,1,24,34,0,17,20,24,0,1,21,21,0,1,22,8,0,27,18,5,2,8,16,269,18,5,30,14,0,7,24,30,283,1,25,21,0,1,26,26,0,1,27,8,0,1,30,8,0,17,28,30,0,27,24,5,2,8,16,285,24,8,16,274,11,8,16,276,277,8,16,286,284,8,16,281,8,27,14,3,2,37,15,3,0,1,16,10,0,9,17,0,0,5,25,14,0,7,19,25,283,1,20,8,0,1,21,21,0,1,22,21,0,1,23,26,0,27,19,5,2,8,17,269,19,5,31,14,0,7,25,31,283,1,26,21,0,1,27,21,0,1,28,21,0,1,29,21,0,27,25,5,2,8,17,285,25,8,17,274,7,8,17,276,277,8,17,281,10,27,15,3,2,37,16,3,0,1,17,10,0,9,18,0,0,5,26,14,0,7,20,26,283,1,21,8,0,1,22,21,0,1,23,21,0,1,24,26,0,27,20,5,2,8,18,269,20,5,32,14,0,7,26,32,283,1,27,21,0,1,28,21,0,1,29,8,0,1,32,26,0,17,30,32,0,27,26,5,2,8,18,285,26,8,18,274,7,8,18,276,277,8,18,281,10,27,16,3,2,37,17,3,0,1,18,35,0,9,19,0,0,5,25,14,0,7,21,25,271,1,22,36,0,1,23,36,0,27,21,3,2,8,19,269,21,5,29,14,0,7,25,29,271,1,26,37,0,1,27,38,0,27,25,3,2,8,19,285,25,8,19,295,264,37,30,6,0,7,29,30,5,25,29,0,1,21,0,1,0,1,29,41,0,8,19,296,29,8,19,298,7,8,19,299,292,5,33,45,0,7,30,33,283,37,31,7,0,27,30,2,2,8,19,300,30,5,35,47,0,7,34,35,302,7,33,34,304,8,19,302,33,5,36,47,0,7,35,36,305,7,34,35,304,8,19,305,34,8,19,281,8,27,17,3,2,37,18,3,0,1,19,35,0,9,20,0,0,5,28,14,0,7,22,28,283,1,23,8,0,1,28,50,0,17,24,28,0,1,25,21,0,1,26,51,0,27,22,5,2,8,20,269,22,5,32,14,0,7,28,32,271,1,29,52,0,1,30,34,0,27,28,3,2,8,20,285,28,8,20,295,264,8,20,296,2,37,33,2,0,7,32,33,296,8,20,298,32,8,20,299,309,37,34,8,0,7,33,34,310,8,20,301,33,5,36,47,0,7,35,36,302,7,34,35,311,8,20,302,34,5,37,47,0,7,36,37,312,7,35,36,313,8,20,312,35,8,20,281,8,27,18,3,2,37,19,3,0,1,20,35,0,9,21,0,0,5,29,14,0,7,23,29,283,1,24,8,0,1,29,50,0,17,25,29,0,1,26,21,0,1,27,58,0,27,23,5,2,8,21,269,23,5,33,14,0,7,29,33,271,1,30,52,0,1,31,59,0,27,29,3,2,8,21,285,29,8,21,295,264,8,21,296,3,37,34,2,0,7,33,34,316,8,21,298,33,8,21,299,317,37,35,8,0,7,34,35,318,8,21,301,34,5,37,47,0,7,36,37,302,7,35,36,311,8,21,302,35,5,38,47,0,7,37,38,305,7,36,37,319,8,21,305,36,8,21,320,279,5,39,47,0,7,38,39,312,7,37,38,313,8,21,312,37,8,21,281,8,27,19,3,2,5,29,14,0,7,23,29,283,1,24,8,0,1,25,65,0,1,26,21,0,1,27,21,0,27,23,5,2,8,8,285,23,1,23,8,0,8,8,295,23,1,23,8,0,8,10,295,23,1,23,8,0,8,15,295,23,1,23,8,0,8,16,295,23,1,23,8,0,8,18,322,23,1,23,8,0,8,19,322,23,1,23,8,0,8,17,322,23,37,23,9,0,4,24,8,0,1,25,67,0,9,26,0,0,5,34,14,0,7,28,34,283,1,29,8,0,1,30,21,0,1,31,21,0,1,32,21,0,27,28,5,2,8,26,285,28,8,26,295,277,27,23,4,1,37,23,9,0,4,24,10,0,1,25,67,0,9,26,0,0,8,26,295,277,27,23,4,1,37,23,9,0,4,24,15,0,1,25,67,0,9,26,0,0,8,26,295,277,27,23,4,1,37,23,9,0,4,24,16,0,1,25,67,0,9,26,0,0,8,26,295,277,27,23,4,1,37,23,9,0,4,24,18,0,1,25,67,0,9,26,0,0,8,26,322,277,27,23,4,1,37,23,9,0,4,24,19,0,1,25,67,0,9,26,0,0,8,26,322,277,27,23,4,1,37,23,9,0,4,24,17,0,1,25,67,0,9,26,0,0,8,26,322,277,27,23,4,1,5,27,68,0,7,23,27,325,37,24,10,0,4,25,6,0,27,23,3,1,12,24,326,326,22,0,24,327,21,0,1,0,3,23,1,1,3,23,0,0,25,23,0,0,21,0,6,0,37,25,10,0,19,24,25,0,23,0,284,24,21,0,1,0,3,23,1,1,3,23,0,0,25,23,0,0,21,0,42,0,5,24,68,0,7,20,24,328,37,21,10,0,1,22,8,0,27,20,3,2,5,21,73,0,37,25,4,0,36,22,25,330,27,22,2,0,27,21,0,4,42,21,0,0,32,21,0,2,21,0,27,0,14,27,331,332,22,0,27,288,21,0,1,0,3,26,1,1,3,26,0,0,25,26,0,0,21,0,13,0,36,26,25,333,1,28,10,0,27,26,3,2,25,26,0,0,21,0,8,0,7,30,25,267,1,32,12,0,4,33,20,0,20,31,32,33,22,0,30,31,21,0,1,0,3,26,1,1,3,26,0,0,25,26,0,0,21,0,3,0,36,26,25,334,27,26,2,1,21,0,0,0,39,24,0,0,21,0,-29,0,39,20,0,0,21,0,-57,0,5,27,79,0,7,23,27,336,4,24,4,0,34,25,0,0,27,23,3,1,9,23,0,0,8,23,337,6,8,23,338,8,34,24,1,0,8,23,339,24,29,23,2,0},P={{K={12,144,"Parent",0.2,"Position","UDim2","new",1,40,0,"BackgroundTransparency","TextTransparency","task","wait",0.22,3,2,9,"Destroy","ipairs",7,49,"table","remove"},C={12,1,256,256,22,0,1,257,21,0,1,0,3,0,1,1,3,0,0,0,25,0,0,0,21,0,7,0,37,1,0,0,18,0,1,0,25,0,0,1,21,0,3,0,37,2,0,0,7,1,2,258,18,0,1,0,25,0,0,0,21,0,2,0,29,0,1,0,21,0,0,0,37,0,1,0,37,1,0,0,1,2,3,0,9,3,0,0,5,11,5,0,7,5,11,262,1,6,7,0,1,7,8,0,1,8,9,0,1,9,9,0,27,5,5,2,8,3,260,5,8,3,266,263,27,0,4,1,37,0,1,0,37,1,2,0,1,2,3,0,9,3,0,0,8,3,266,263,27,0,4,1,37,0,1,0,37,1,3,0,1,2,3,0,9,3,0,0,8,3,266,263,27,0,4,1,37,0,1,0,37,1,4,0,1,2,3,0,9,3,0,0,8,3,266,263,27,0,4,1,37,0,1,0,37,1,5,0,1,2,3,0,9,3,0,0,8,3,267,263,27,0,4,1,37,0,1,0,37,1,6,0,1,2,3,0,9,3,0,0,8,3,267,263,27,0,4,1,37,0,1,0,37,1,7,0,1,2,3,0,9,3,0,0,8,3,267,263,27,0,4,1,5,3,12,0,7,0,3,269,1,1,14,0,27,0,2,1,15,1,271,272,22,0,1,273,21,0,1,0,3,0,1,1,3,0,0,0,25,0,0,0,21,0,1,0,37,0,0,0,25,0,0,0,21,0,4,0,37,3,0,0,36,0,3,274,27,0,2,1,21,0,0,0,5,0,19,0,37,1,8,0,27,0,2,4,42,0,0,0,32,0,0,2,21,0,23,0,12,6,276,276,22,0,6,277,21,0,1,0,3,5,1,1,3,5,0,0,25,5,0,0,21,0,5,0,37,6,9,0,22,0,4,6,21,0,1,0,3,5,1,1,3,5,0,0,25,5,0,0,21,0,7,0,5,9,22,0,7,5,9,279,37,6,8,0,4,7,3,0,27,5,3,1,21,0,3,0,21,0,0,0,39,3,0,0,21,0,-25,0,29,0,1,0},P={},U={{1,8},{0,9},{1,10},{1,15},{1,16},{1,18},{1,19},{1,17},{0,10},{1,6}},nParams=0,mR=23,vA=false},{K={1,2,"Parent",0.2,"Position","UDim2","new",40,0,"BackgroundTransparency","Transparency","TextTransparency","task","wait",0.22,"Destroy"},C={10,1,256,256,22,0,1,257,21,0,1,0,3,0,1,1,3,0,0,0,25,0,0,0,21,0,5,0,37,0,0,0,25,0,0,0,21,0,2,0,37,1,0,0,7,0,1,258,25,0,0,0,21,0,64,0,37,0,1,0,37,1,0,0,1,2,3,0,9,3,0,0,5,11,5,0,7,5,11,262,1,6,0,0,1,7,7,0,1,8,8,0,1,9,8,0,27,5,5,2,8,3,260,5,8,3,265,256,27,0,4,1,37,0,1,0,37,1,2,0,1,2,3,0,9,3,0,0,8,3,266,256,27,0,4,1,37,0,1,0,37,1,3,0,1,2,3,0,9,3,0,0,8,3,265,256,27,0,4,1,37,0,1,0,37,1,4,0,1,2,3,0,9,3,0,0,8,3,265,256,27,0,4,1,37,0,1,0,37,1,5,0,1,2,3,0,9,3,0,0,8,3,265,256,27,0,4,1,37,0,1,0,37,1,6,0,1,2,3,0,9,3,0,0,8,3,267,256,27,0,4,1,37,0,1,0,37,1,7,0,1,2,3,0,9,3,0,0,8,3,267,256,27,0,4,1,37,0,1,0,37,1,8,0,1,2,3,0,9,3,0,0,8,3,267,256,27,0,4,1,5,3,12,0,7,0,3,269,1,1,14,0,27,0,2,1,37,3,0,0,36,0,3,271,27,0,2,1,21,0,0,0,29,0,1,0},P={},U={{1,8},{0,9},{1,9},{1,10},{1,15},{1,16},{1,18},{1,19},{1,17}},nParams=0,mR=15,vA=false}},U={{1,48},{1,49},{1,6},{1,10},{1,46},{1,11},{1,50},{1,15},{1,7},{1,14},{1,47}},nParams=2,mR=80,vA=false},{K={"Get"},C={7,1,0,256,27,1,1,0,29,1,0,0},P={},U=nil,nParams=1,mR=3,vA=false},{K={15,225,"type","boolean","Set"},C={12,3,256,256,22,0,3,257,21,0,1,0,3,2,1,1,3,2,0,0,25,2,0,0,21,0,7,0,5,3,2,0,4,4,1,0,27,3,2,2,22,0,3,259,21,0,1,0,3,2,1,1,3,2,0,0,25,2,0,0,21,0,4,0,7,2,0,260,4,3,1,0,27,2,2,1,21,0,0,0,29,0,1,0},P={},U=nil,nParams=2,mR=6,vA=false},{K={"Get"},C={7,1,0,256,27,1,1,0,29,1,0,0},P={},U=nil,nParams=1,mR=3,vA=false},{K={100,7,2,"type","number","Set"},C={14,3,256,257,22,0,3,258,21,0,1,0,3,2,1,1,3,2,0,0,25,2,0,0,21,0,7,0,5,3,3,0,4,4,1,0,27,3,2,2,22,0,3,260,21,0,1,0,3,2,1,1,3,2,0,0,25,2,0,0,21,0,4,0,7,2,0,261,4,3,1,0,27,2,2,1,21,0,0,0,29,0,1,0},P={},U=nil,nParams=2,mR=6,vA=false},{K={"Get"},C={7,1,0,256,27,1,1,0,29,1,0,0},P={},U=nil,nParams=1,mR=3,vA=false},{K={12,144,"Set"},C={12,3,256,256,22,0,3,257,21,0,1,0,3,2,1,1,3,2,0,0,25,2,0,0,21,0,5,0,2,3,0,0,22,1,1,3,21,0,1,0,3,2,1,1,3,2,0,0,25,2,0,0,21,0,4,0,7,2,0,258,4,3,1,0,27,2,2,1,21,0,0,0,29,0,1,0},P={},U=nil,nParams=2,mR=5,vA=false},{K={"Get",1,"ToHex",2},C={7,1,0,256,27,1,1,3,9,3,0,0,36,4,1,258,27,4,2,2,8,3,257,4,8,3,259,2,29,3,2,0},P={},U=nil,nParams=1,mR=7,vA=false},{K={3,2,9,"type","table","color","Color3","fromHex","Set","alpha",1},C={15,3,256,257,22,0,3,258,21,0,1,0,3,2,1,1,3,2,0,0,25,2,0,0,21,0,10,0,5,3,3,0,4,4,1,0,27,3,2,2,22,0,3,260,21,0,1,0,3,2,1,1,3,2,0,0,25,2,0,0,21,0,1,0,7,2,1,261,25,2,0,0,21,0,13,0,5,5,6,0,7,2,5,263,7,3,1,261,27,2,2,2,7,5,0,264,4,6,2,0,7,7,1,265,25,7,0,1,21,0,1,0,1,7,10,0,27,5,3,1,39,2,0,0,21,0,0,0,29,0,1,0},P={},U=nil,nParams=2,mR=11,vA=false},{K={"Get"},C={7,1,0,256,27,1,1,0,29,1,0,0},P={},U=nil,nParams=1,mR=3,vA=false},{K={7,49,"type","string","Set"},C={12,3,256,256,22,0,3,257,21,0,1,0,3,2,1,1,3,2,0,0,25,2,0,0,21,0,7,0,5,3,2,0,4,4,1,0,27,3,2,2,22,0,3,259,21,0,1,0,3,2,1,1,3,2,0,0,25,2,0,0,21,0,4,0,7,2,0,260,4,3,1,0,27,2,2,1,21,0,0,0,29,0,1,0},P={},U=nil,nParams=2,mR=6,vA=false},{K={"Get"},C={7,1,0,256,27,1,1,0,29,1,0,0},P={},U=nil,nParams=1,mR=3,vA=false},{K={1,2,"type","string","Set"},C={10,3,256,256,22,0,3,257,21,0,1,0,3,2,1,1,3,2,0,0,25,2,0,0,21,0,7,0,5,3,2,0,4,4,1,0,27,3,2,2,22,0,3,259,21,0,1,0,3,2,1,1,3,2,0,0,25,2,0,0,21,0,4,0,7,2,0,260,4,3,1,0,27,2,2,1,21,0,0,0,29,0,1,0},P={},U=nil,nParams=2,mR=6,vA=false},{K={1,"Folder",2,"/settings","ipairs",15,225,"isfolder","pcall","makefolder"},C={9,1,0,0,7,2,0,257,8,1,256,2,7,4,0,257,1,5,3,0,20,3,4,5,8,1,258,3,5,2,4,0,4,3,1,0,27,2,2,4,42,2,0,0,32,2,0,2,21,0,20,0,12,8,261,261,22,0,8,262,21,0,1,0,3,7,1,1,3,7,0,0,25,7,0,0,21,0,4,0,5,8,7,0,4,9,6,0,27,8,2,2,18,7,8,0,25,7,0,0,21,0,5,0,5,7,8,0,5,8,9,0,4,9,6,0,27,7,3,1,21,0,0,0,39,5,0,0,21,0,-22,0,29,0,1,0},P={},U=nil,nParams=1,mR=11,vA=false},{K={"Folder","BuildFolderTree"},C={4,2,1,0,8,0,256,2,36,2,0,257,27,2,2,1,29,0,1,0},P={},U=nil,nParams=2,mR=5,vA=false},{K={"ipairs","Ignore"},C={5,2,0,0,4,3,1,0,27,2,2,4,42,2,0,0,32,2,0,2,21,0,5,0,3,7,1,0,7,8,0,257,8,8,6,7,39,5,0,0,21,0,-7,0,29,0,1,0},P={},U=nil,nParams=2,mR=9,vA=false},{K={100,7,2,"","no config name","Folder","/settings/",".json","version",1,"objects","pairs","Registry","sub","Parser",12,144,3,9,"Ignore","pcall","Save",49,"table","insert","id","category","value","encode error",15,225,"writefile failed (executor?)","AddToCache"},C={14,3,256,257,22,0,3,258,21,0,1,0,3,2,1,1,3,2,0,0,25,2,0,0,21,0,7,0,18,2,1,0,25,2,0,1,21,0,4,0,22,0,1,259,21,0,1,0,3,2,1,1,3,2,0,0,25,2,0,0,21,0,4,0,3,2,0,0,1,3,4,0,29,2,3,0,21,0,0,0,7,3,0,261,1,4,6,0,4,5,1,0,1,6,7,0,20,2,3,6,9,3,0,0,8,3,264,265,9,4,0,0,8,3,266,4,5,4,11,0,37,7,0,0,7,5,7,268,27,4,2,4,42,4,0,0,32,4,0,2,21,0,65,0,36,9,7,269,1,11,9,0,1,14,2,0,17,12,14,0,27,9,4,2,7,14,0,270,7,10,14,9,12,15,271,271,22,0,15,272,21,0,1,0,3,14,1,1,3,14,0,0,25,14,0,0,21,0,1,0,4,14,10,0,25,14,0,0,21,0,46,0,5,11,11,0,4,12,8,0,27,11,2,4,42,11,0,0,32,11,0,2,21,0,39,0,15,17,273,258,22,0,17,274,21,0,1,0,3,16,1,1,3,16,0,0,25,16,0,0,21,0,3,0,7,18,0,275,7,17,18,14,18,16,17,0,25,16,0,0,21,0,25,0,5,16,20,0,7,17,10,277,4,18,15,0,27,16,3,3,12,21,257,257,22,0,21,278,21,0,1,0,3,20,1,1,3,20,0,0,25,20,0,0,21,0,1,0,4,20,16,0,25,20,0,0,21,0,9,0,5,24,23,0,7,20,24,280,7,21,3,266,9,22,0,0,8,22,281,14,8,22,282,9,8,22,283,17,27,20,3,1,21,0,0,0,39,16,0,0,21,0,0,0,39,14,0,0,21,0,-41,0,21,0,0,0,39,7,0,0,21,0,-67,0,5,4,20,0,34,5,0,0,27,4,2,3,10,8,265,265,22,0,8,258,21,0,1,0,3,7,1,1,3,7,0,0,25,7,0,0,21,0,1,0,18,7,4,0,25,7,0,0,21,0,4,0,3,7,0,0,1,8,28,0,29,7,3,0,21,0,0,0,5,6,20,0,34,7,1,0,27,6,2,2,12,10,285,285,22,0,10,286,21,0,1,0,3,9,1,1,3,9,0,0,25,9,0,0,21,0,1,0,18,9,6,0,25,9,0,0,21,0,4,0,3,9,0,0,1,10,31,0,29,9,3,0,21,0,0,0,36,9,0,288,4,11,1,0,27,9,3,1,3,9,1,0,29,9,2,0},P={{K={"JSONEncode"},C={37,4,0,0,36,0,4,256,37,2,1,0,27,0,3,0,29,0,0,0},P={},U={{0,1},{1,3}},nParams=0,mR=5,vA=false},{K={"writefile"},C={5,0,0,0,37,1,0,0,37,2,1,0,27,0,3,1,29,0,1,0},P={},U={{1,2},{1,5}},nParams=0,mR=4,vA=false}},U={{1,5},{1,51}},nParams=2,mR=32,vA=false},{K={100,7,2,"","no config name","Folder","/settings/",".json",12,144,"isfile","file not found","pcall",3,9,"readfile failed",49,"decode error",1,"objects","invalid structure","ipairs","category","id","value",15,225,"Toggle","Registry","Toggles","Slider","Sliders","Dropdown","Dropdowns","ColorPicker","ColorPickers","KeyPicker","KeyPickers","Textbox","Textboxes","Parser","Load"},C={14,3,256,257,22,0,3,258,21,0,1,0,3,2,1,1,3,2,0,0,25,2,0,0,21,0,7,0,18,2,1,0,25,2,0,1,21,0,4,0,22,0,1,259,21,0,1,0,3,2,1,1,3,2,0,0,25,2,0,0,21,0,4,0,3,2,0,0,1,3,4,0,29,2,3,0,21,0,0,0,7,3,0,261,1,4,6,0,4,5,1,0,1,6,7,0,20,2,3,6,12,4,264,264,22,0,4,265,21,0,1,0,3,3,1,1,3,3,0,0,25,3,0,0,21,0,4,0,5,4,10,0,4,5,2,0,27,4,2,2,18,3,4,0,25,3,0,0,21,0,4,0,3,3,0,0,1,4,11,0,29,3,3,0,21,0,0,0,5,3,12,0,34,4,0,0,27,3,2,3,15,7,269,258,22,0,7,270,21,0,1,0,3,6,1,1,3,6,0,0,25,6,0,0,21,0,1,0,18,6,3,0,25,6,0,0,21,0,4,0,3,6,0,0,1,7,15,0,29,6,3,0,21,0,0,0,2,5,0,0,5,6,12,0,34,7,1,0,27,6,2,2,12,10,257,257,22,0,10,272,21,0,1,0,3,9,1,1,3,9,0,0,25,9,0,0,21,0,4,0,18,9,6,0,25,9,0,1,21,0,1,0,18,9,5,0,25,9,0,0,21,0,4,0,3,9,0,0,1,10,17,0,29,9,3,0,21,0,0,0,10,10,274,274,22,0,10,258,21,0,1,0,3,9,1,1,3,9,0,0,25,9,0,0,21,0,2,0,7,10,5,275,18,9,10,0,25,9,0,0,21,0,4,0,3,9,0,0,1,10,20,0,29,9,3,0,21,0,0,0,5,7,21,0,7,8,5,275,27,7,2,4,42,7,0,0,32,7,0,2,21,0,147,0,7,12,11,278,7,13,11,279,7,14,11,280,2,15,0,0,12,17,281,281,22,0,17,282,21,0,1,0,3,16,1,1,3,16,0,0,25,16,0,0,21,0,4,0,22,0,12,283,21,0,1,0,3,16,1,1,3,16,0,0,25,16,0,0,21,0,5,0,37,18,1,0,7,17,18,284,7,16,17,285,4,15,16,0,21,0,90,0,14,17,256,257,22,0,17,258,21,0,1,0,3,16,1,1,3,16,0,0,25,16,0,0,21,0,4,0,22,0,12,286,21,0,1,0,3,16,1,1,3,16,0,0,25,16,0,0,21,0,5,0,37,18,1,0,7,17,18,284,7,16,17,287,4,15,16,0,21,0,72,0,12,17,264,264,22,0,17,265,21,0,1,0,3,16,1,1,3,16,0,0,25,16,0,0,21,0,4,0,22,0,12,288,21,0,1,0,3,16,1,1,3,16,0,0,25,16,0,0,21,0,5,0,37,18,1,0,7,17,18,284,7,16,17,289,4,15,16,0,21,0,54,0,15,17,269,258,22,0,17,270,21,0,1,0,3,16,1,1,3,16,0,0,25,16,0,0,21,0,4,0,22,0,12,290,21,0,1,0,3,16,1,1,3,16,0,0,25,16,0,0,21,0,5,0,37,18,1,0,7,17,18,284,7,16,17,291,4,15,16,0,21,0,36,0,12,17,257,257,22,0,17,272,21,0,1,0,3,16,1,1,3,16,0,0,25,16,0,0,21,0,4,0,22,0,12,292,21,0,1,0,3,16,1,1,3,16,0,0,25,16,0,0,21,0,5,0,37,18,1,0,7,17,18,284,7,16,17,293,4,15,16,0,21,0,18,0,10,17,274,274,22,0,17,258,21,0,1,0,3,16,1,1,3,16,0,0,25,16,0,0,21,0,4,0,22,0,12,294,21,0,1,0,3,16,1,1,3,16,0,0,25,16,0,0,21,0,5,0,37,18,1,0,7,17,18,284,7,16,17,295,4,15,16,0,21,0,0,0,12,17,281,281,22,0,17,282,21,0,1,0,3,16,1,1,3,16,0,0,25,16,0,0,21,0,4,0,4,16,15,0,25,16,0,0,21,0,1,0,7,16,15,13,25,16,0,0,21,0,20,0,7,17,0,296,7,16,17,12,14,18,256,257,22,0,18,258,21,0,1,0,3,17,1,1,3,17,0,0,25,17,0,0,21,0,1,0,4,17,16,0,25,17,0,0,21,0,6,0,5,17,12,0,7,18,16,297,7,19,15,13,4,20,14,0,27,17,4,1,21,0,0,0,39,16,0,0,21,0,0,0,39,10,0,0,21,0,-149,0,3,9,1,0,29,9,2,0},P={{K={"readfile"},C={5,0,0,0,37,1,0,0,27,0,2,0,29,0,0,0},P={},U={{1,2}},nParams=0,mR=3,vA=false},{K={"JSONDecode"},C={37,4,0,0,36,0,4,256,37,2,1,0,27,0,3,2,38,0,2,0,29,0,1,0},P={},U={{0,0},{1,4},{1,5}},nParams=0,mR=5,vA=false}},U={{1,51},{1,5}},nParams=2,mR=22,vA=false},{K={12,144,"_knownConfigs","pcall",3,2,9,"ipairs",7,49,"sub",5,".json","match","([^/\\]+)%.json$",1,"table","insert"},C={12,3,256,256,22,0,3,257,21,0,1,0,3,2,1,1,3,2,0,0,25,2,0,0,21,0,4,0,7,2,0,258,25,2,0,0,21,0,1,0,18,2,1,0,25,2,0,0,21,0,3,0,7,2,0,258,29,2,2,0,21,0,0,0,9,2,0,0,5,3,3,0,34,4,0,0,27,3,2,3,15,7,260,261,22,0,7,262,21,0,1,0,3,6,1,1,3,6,0,0,25,6,0,0,21,0,4,0,4,6,3,0,25,6,0,0,21,0,1,0,4,6,4,0,25,6,0,0,21,0,47,0,5,5,7,0,4,6,4,0,27,5,2,4,42,5,0,0,32,5,0,2,21,0,40,0,12,11,264,264,22,0,11,265,21,0,1,0,3,10,1,1,3,10,0,0,25,10,0,0,21,0,8,0,36,11,9,266,1,15,11,0,17,13,15,0,27,11,3,2,22,0,11,268,21,0,1,0,3,10,1,1,3,10,0,0,25,10,0,0,21,0,21,0,36,10,9,269,1,12,14,0,27,10,3,2,10,15,271,271,22,0,15,261,21,0,1,0,3,14,1,1,3,14,0,0,25,14,0,0,21,0,1,0,4,14,10,0,25,14,0,0,21,0,6,0,5,18,16,0,7,14,18,273,4,15,2,0,4,16,10,0,27,14,3,1,21,0,0,0,39,10,0,0,21,0,0,0,39,8,0,0,21,0,-42,0,21,0,0,0,4,6,2,0,8,0,258,6,4,6,2,0,29,6,2,0},P={{K={"listfiles","Folder","/settings"},C={5,0,0,0,37,5,0,0,7,3,5,257,1,4,2,0,20,1,3,4,27,0,2,0,29,0,0,0},P={},U={{1,0}},nParams=0,mR=6,vA=false}},U=nil,nParams=2,mR=19,vA=false},{K={15,225,"",100,7,2,"_knownConfigs","List","ipairs",12,144,"table","insert"},C={12,3,256,256,22,0,3,257,21,0,1,0,3,2,1,1,3,2,0,0,25,2,0,0,21,0,7,0,18,2,1,0,25,2,0,1,21,0,4,0,22,0,1,258,21,0,1,0,3,2,1,1,3,2,0,0,25,2,0,0,21,0,2,0,29,0,1,0,21,0,0,0,14,3,259,260,22,0,3,261,21,0,1,0,3,2,1,1,3,2,0,0,25,2,0,0,21,0,2,0,7,3,0,262,18,2,3,0,25,2,0,0,21,0,4,0,36,2,0,263,3,4,1,0,27,2,3,1,21,0,0,0,5,2,8,0,7,3,0,262,27,2,2,4,42,2,0,0,32,2,0,2,21,0,17,0,12,8,265,265,22,0,8,266,21,0,1,0,3,7,1,1,3,7,0,0,25,7,0,0,21,0,4,0,22,0,6,1,21,0,1,0,3,7,1,1,3,7,0,0,25,7,0,0,21,0,2,0,29,0,1,0,21,0,0,0,39,5,0,0,21,0,-19,0,5,6,11,0,7,2,6,268,7,3,0,262,4,4,1,0,27,2,3,1,29,0,1,0},P={},U=nil,nParams=2,mR=12,vA=false},{K={3,2,9,"_knownConfigs","ipairs",7,49,"table","remove"},C={15,3,256,257,22,0,3,258,21,0,1,0,3,2,1,1,3,2,0,0,25,2,0,0,21,0,2,0,7,3,0,259,18,2,3,0,25,2,0,0,21,0,2,0,29,0,1,0,21,0,0,0,5,2,4,0,7,3,0,259,27,2,2,4,42,2,0,0,32,2,0,2,21,0,22,0,12,8,261,261,22,0,8,262,21,0,1,0,3,7,1,1,3,7,0,0,25,7,0,0,21,0,4,0,22,0,6,1,21,0,1,0,3,7,1,1,3,7,0,0,25,7,0,0,21,0,7,0,5,11,7,0,7,7,11,264,7,8,0,259,4,9,5,0,27,7,3,1,29,0,1,0,21,0,0,0,39,5,0,0,21,0,-24,0,29,0,1,0},P={},U=nil,nParams=2,mR=12,vA=false},{K={1,2,"","no name","Folder","/settings/",".json",15,225,"isfile","not found","pcall","delfile",100,7,"RemoveFromCache"},C={10,3,256,256,22,0,3,257,21,0,1,0,3,2,1,1,3,2,0,0,25,2,0,0,21,0,7,0,18,2,1,0,25,2,0,1,21,0,4,0,22,0,1,258,21,0,1,0,3,2,1,1,3,2,0,0,25,2,0,0,21,0,4,0,3,2,0,0,1,3,3,0,29,2,3,0,21,0,0,0,7,3,0,260,1,4,5,0,4,5,1,0,1,6,6,0,20,2,3,6,12,4,263,263,22,0,4,264,21,0,1,0,3,3,1,1,3,3,0,0,25,3,0,0,21,0,4,0,5,4,9,0,4,5,2,0,27,4,2,2,18,3,4,0,25,3,0,0,21,0,4,0,3,3,0,0,1,4,10,0,29,3,3,0,21,0,0,0,5,3,11,0,5,4,12,0,4,5,2,0,27,3,3,2,14,8,269,270,22,0,8,257,21,0,1,0,3,7,1,1,3,7,0,0,25,7,0,0,21,0,1,0,4,7,3,0,25,7,0,0,21,0,4,0,36,7,0,271,4,9,1,0,27,7,3,1,21,0,0,0,4,7,3,0,29,7,2,0},P={},U=nil,nParams=2,mR=13,vA=false},{K={"Folder","/settings/autoload.txt",12,144,"","pcall","writefile",3,2,9,"isfile","delfile"},C={7,3,0,256,1,4,1,0,20,2,3,4,12,4,258,258,22,0,4,259,21,0,1,0,3,3,1,1,3,3,0,0,25,3,0,0,21,0,7,0,4,3,1,0,25,3,0,0,21,0,4,0,22,1,1,260,21,0,1,0,3,3,1,1,3,3,0,0,25,3,0,0,21,0,6,0,5,3,5,0,5,4,6,0,4,5,2,0,4,6,1,0,27,3,4,1,21,0,17,0,15,4,263,264,22,0,4,265,21,0,1,0,3,3,1,1,3,3,0,0,25,3,0,0,21,0,3,0,5,3,10,0,4,4,2,0,27,3,2,2,25,3,0,0,21,0,5,0,5,3,5,0,5,4,11,0,4,5,2,0,27,3,3,1,21,0,0,0,29,0,1,0},P={},U=nil,nParams=2,mR=12,vA=false},{K={"Folder","/settings/autoload.txt",7,49,"isfile","pcall","readfile",1,2},C={7,2,0,256,1,3,1,0,20,1,2,3,12,3,258,258,22,0,3,259,21,0,1,0,3,2,1,1,3,2,0,0,25,2,0,0,21,0,3,0,5,2,4,0,4,3,1,0,27,2,2,2,25,2,0,0,21,0,19,0,5,2,5,0,5,3,6,0,4,4,1,0,27,2,3,3,10,7,263,263,22,0,7,264,21,0,1,0,3,6,1,1,3,6,0,0,25,6,0,0,21,0,1,0,4,6,2,0,25,6,0,0,21,0,3,0,4,6,3,0,29,6,2,0,21,0,0,0,39,2,0,0,21,0,0,0,2,2,0,0,29,2,2,0},P={},U=nil,nParams=1,mR=8,vA=false},{K={"GetAutoload",15,225,"","Load"},C={36,1,0,256,27,1,2,2,12,5,257,257,22,0,5,258,21,0,1,0,3,4,1,1,3,4,0,0,25,4,0,0,21,0,7,0,4,4,1,0,25,4,0,0,21,0,4,0,22,1,1,259,21,0,1,0,3,4,1,1,3,4,0,0,25,4,0,0,21,0,4,0,36,4,0,260,4,6,1,0,27,4,3,1,21,0,0,0,29,0,1,0},P={},U=nil,nParams=1,mR=8,vA=false},{K={"Tabs",100,7,2,"Right","Left","name","","selected","autoload",false,"Frame","Size","UDim2","new",1,0,30,"BackgroundColor3","Panel","BorderSizePixel","LayoutOrder","AutomaticSize","Enum","Y","Parent","Corner","PanelStroke",12,14,"TextLabel","BackgroundTransparency","Text","CONFIGS","TextColor3","TextGroup","TextSize",11,"Font","FontBold","TextXAlignment","Name","Container","Position",22,"UIListLayout","FillDirection","Vertical","SortOrder","Padding","UDim",10,130,"Config Name",13,"FontMed","TextBox","fromOffset",120,20,0.5,"Box","PlaceholderText","default","PlaceholderColor3","TextDim","ClearTextOnFocus",4,"UIPadding","PaddingLeft",8,"PaddingRight","Focused","Connect","FocusLost","GetPropertyChangedSignal","ZIndex","Saved Configs","TextButton","AutoButtonColor",101,"None","TextTruncate","AtEnd",16,"arrow-large-down","FontFace","Center","TextYAlignment",24,"ClipsDescendants",true,"Visible",200,201,202,"MouseButton1Click","Save Config","MouseEnter","MouseLeave","Load Config","Delete","Refresh","Set Autoload",18},C={37,6,0,0,7,5,6,256,7,4,5,1,14,6,257,258,22,0,6,259,21,0,1,0,3,5,1,1,3,5,0,0,25,5,0,0,21,0,1,0,18,5,4,0,25,5,0,0,21,0,2,0,29,0,1,0,21,0,0,0,22,0,2,260,21,0,1,0,3,5,1,1,3,5,0,0,25,5,0,0,21,0,1,0,7,5,4,260,25,5,0,1,21,0,1,0,7,5,4,261,9,6,0,0,8,6,262,263,2,7,0,0,8,6,264,7,8,6,265,266,37,7,1,0,1,8,11,0,9,9,0,0,5,17,13,0,7,11,17,270,1,12,15,0,1,13,16,0,1,14,16,0,1,15,17,0,27,11,5,2,8,9,268,11,37,18,2,0,7,17,18,275,8,9,274,17,8,9,276,272,4,18,3,0,25,18,0,1,21,0,1,0,1,18,15,0,8,9,277,18,5,21,23,0,7,20,21,278,7,19,20,280,8,9,278,19,8,9,281,5,27,7,3,2,37,11,3,0,4,12,7,0,37,15,4,0,7,13,15,282,27,11,3,1,37,11,5,0,4,12,7,0,37,17,2,0,7,13,17,283,1,14,15,0,1,15,16,0,27,11,5,1,37,11,6,0,4,12,7,0,1,13,28,0,1,14,28,0,1,15,29,0,1,16,29,0,27,11,6,1,37,11,1,0,1,12,30,0,9,13,0,0,5,21,13,0,7,15,21,270,1,16,15,0,1,17,16,0,1,18,16,0,1,19,29,0,27,15,5,2,8,13,268,15,8,13,287,271,8,13,288,289,37,22,2,0,7,21,22,291,8,13,290,21,8,13,292,293,37,23,4,0,7,22,23,295,8,13,294,22,5,25,23,0,7,24,25,296,7,23,24,261,8,13,296,23,8,13,281,7,27,11,3,1,37,8,1,0,1,9,11,0,9,10,0,0,8,10,297,298,5,18,13,0,7,12,18,270,1,13,15,0,1,14,16,0,1,15,16,0,1,16,16,0,27,12,5,2,8,10,268,12,5,24,13,0,7,18,24,270,1,19,16,0,1,20,16,0,1,21,16,0,1,22,44,0,27,18,5,2,8,10,299,18,8,10,287,271,5,26,23,0,7,25,26,278,7,24,25,280,8,10,278,24,8,10,281,7,27,8,3,2,37,12,1,0,1,13,45,0,9,14,0,0,5,18,23,0,7,17,18,302,7,16,17,303,8,14,302,16,5,19,23,0,7,18,19,304,7,17,18,277,8,14,304,17,5,22,50,0,7,18,22,270,1,19,16,0,1,20,51,0,27,18,3,2,8,14,305,18,8,14,281,8,27,12,3,1,37,9,1,0,1,10,11,0,9,11,0,0,5,19,13,0,7,13,19,270,1,14,15,0,1,15,16,0,1,16,16,0,1,17,44,0,27,13,5,2,8,11,268,13,8,11,287,271,8,11,281,8,27,9,3,2,37,13,1,0,1,14,30,0,9,15,0,0,5,23,13,0,7,17,23,270,1,18,15,0,1,23,52,0,17,19,23,0,1,20,15,0,1,21,16,0,27,17,5,2,8,15,268,17,8,15,287,271,8,15,288,309,37,24,2,0,7,23,24,288,8,15,290,23,8,15,292,310,37,25,4,0,7,24,25,311,8,15,294,24,5,27,23,0,7,26,27,296,7,25,26,261,8,15,296,25,8,15,281,9,27,13,3,1,37,10,1,0,1,11,56,0,9,12,0,0,5,18,13,0,7,14,18,313,1,15,58,0,1,16,59,0,27,14,3,2,8,12,268,14,5,24,13,0,7,18,24,270,1,19,15,0,1,24,58,0,17,20,24,0,1,21,60,0,1,24,51,0,17,22,24,0,27,18,5,2,8,12,299,18,37,25,2,0,7,24,25,317,8,12,274,24,8,12,276,272,8,12,288,263,37,26,2,0,7,25,26,288,8,12,290,25,8,12,292,284,37,27,4,0,7,26,27,311,8,12,294,26,8,12,318,319,37,28,2,0,7,27,28,321,8,12,320,27,8,12,322,266,5,30,23,0,7,29,30,296,7,28,29,261,8,12,296,28,8,12,281,9,27,10,3,2,37,14,3,0,4,15,10,0,1,16,67,0,27,14,3,1,37,14,1,0,1,15,68,0,9,16,0,0,5,22,50,0,7,18,22,270,1,19,16,0,1,20,70,0,27,18,3,2,8,16,325,18,5,26,50,0,7,22,26,270,1,23,16,0,1,24,70,0,27,22,3,2,8,16,327,22,8,16,281,10,27,14,3,1,7,18,10,328,36,14,18,329,34,16,0,0,27,14,3,1,7,18,10,330,36,14,18,329,34,16,1,0,27,14,3,1,36,18,10,331,1,20,32,0,27,18,3,2,36,14,18,329,34,16,2,0,27,14,3,1,37,11,1,0,1,12,11,0,9,13,0,0,5,21,13,0,7,15,21,270,1,16,15,0,1,17,16,0,1,18,16,0,1,19,44,0,27,15,5,2,8,13,268,15,8,13,287,271,8,13,332,257,8,13,281,8,27,11,3,2,37,15,1,0,1,16,30,0,9,17,0,0,5,25,13,0,7,19,25,270,1,20,15,0,1,25,52,0,17,21,25,0,1,22,15,0,1,23,16,0,27,19,5,2,8,17,268,19,8,17,287,271,8,17,288,333,37,26,2,0,7,25,26,288,8,17,290,25,8,17,292,310,37,27,4,0,7,26,27,311,8,17,294,26,5,29,23,0,7,28,29,296,7,27,28,261,8,17,296,27,8,17,281,11,27,15,3,1,37,12,1,0,1,13,78,0,9,14,0,0,5,20,13,0,7,16,20,313,1,17,58,0,1,18,59,0,27,16,3,2,8,14,268,16,5,26,13,0,7,20,26,270,1,21,15,0,1,26,58,0,17,22,26,0,1,23,60,0,1,26,51,0,17,24,26,0,27,20,5,2,8,14,299,20,37,27,2,0,7,26,27,317,8,14,274,26,8,14,276,272,8,14,288,263,8,14,335,266,8,14,332,336,8,14,281,11,27,12,3,2,37,16,3,0,4,17,12,0,1,18,67,0,27,16,3,1,37,13,1,0,1,14,30,0,9,15,0,0,5,23,13,0,7,17,23,270,1,18,15,0,1,23,44,0,17,19,23,0,1,20,15,0,1,21,16,0,27,17,5,2,8,15,268,17,5,27,13,0,7,23,27,313,1,24,70,0,1,25,16,0,27,23,3,2,8,15,299,23,8,15,287,271,8,15,288,337,37,28,2,0,7,27,28,288,8,15,290,27,8,15,292,293,37,29,4,0,7,28,29,311,8,15,294,28,5,31,23,0,7,30,31,296,7,29,30,261,8,15,296,29,5,32,23,0,7,31,32,338,7,30,31,339,8,15,338,30,8,15,281,12,27,13,3,2,37,14,1,0,1,15,30,0,9,16,0,0,5,22,13,0,7,18,22,313,1,19,84,0,1,20,84,0,27,18,3,2,8,16,268,18,5,28,13,0,7,22,28,270,1,23,15,0,1,28,59,0,17,24,28,0,1,25,60,0,1,28,70,0,17,26,28,0,27,22,5,2,8,16,299,22,8,16,287,271,8,16,288,341,37,29,2,0,7,28,29,321,8,16,290,28,8,16,292,285,5,32,38,0,7,29,32,270,37,30,8,0,27,29,2,2,8,16,342,29,5,34,23,0,7,33,34,296,7,32,33,343,8,16,296,32,5,35,23,0,7,34,35,344,7,33,34,343,8,16,344,33,8,16,281,12,27,14,3,2,37,15,1,0,1,16,11,0,9,17,0,0,5,25,13,0,7,19,25,270,1,20,15,0,1,21,16,0,1,22,16,0,1,23,16,0,27,19,5,2,8,17,268,19,5,31,13,0,7,25,31,270,1,26,16,0,1,27,16,0,1,28,16,0,1,29,89,0,27,25,5,2,8,17,299,25,8,17,287,271,8,17,346,347,8,17,348,266,8,17,332,349,8,17,281,11,27,15,3,2,37,16,1,0,1,17,11,0,9,18,0,0,5,26,13,0,7,20,26,270,1,21,15,0,1,22,16,0,1,23,15,0,1,24,16,0,27,20,5,2,8,18,268,20,37,27,2,0,7,26,27,275,8,18,274,26,8,18,276,272,8,18,332,350,8,18,281,15,27,16,3,2,37,20,3,0,4,21,16,0,1,22,67,0,27,20,3,1,37,20,5,0,4,21,16,0,37,26,2,0,7,22,26,283,1,23,15,0,1,24,16,0,27,20,5,1,37,17,1,0,1,18,11,0,9,19,0,0,5,27,13,0,7,21,27,270,1,22,15,0,1,27,70,0,17,23,27,0,1,24,16,0,1,25,16,0,27,21,5,2,8,19,268,21,5,31,13,0,7,27,31,313,1,28,67,0,1,29,67,0,27,27,3,2,8,19,299,27,8,19,287,271,8,19,332,351,8,19,281,16,27,17,3,2,37,21,1,0,1,22,45,0,9,23,0,0,5,27,23,0,7,26,27,302,7,25,26,303,8,23,302,25,5,28,23,0,7,27,28,304,7,26,27,277,8,23,304,26,5,31,50,0,7,27,31,270,1,28,16,0,1,29,3,0,27,27,3,2,8,23,305,27,8,23,281,17,27,21,3,1,3,18,0,0,9,19,0,0,34,20,3,0,34,21,4,0,7,26,12,352,36,22,26,329,34,24,5,0,27,22,3,1,37,22,1,0,1,23,78,0,9,24,0,0,5,32,13,0,7,26,32,270,1,27,15,0,1,28,16,0,1,29,16,0,1,30,89,0,27,26,5,2,8,24,268,26,37,33,2,0,7,32,33,317,8,24,274,32,8,24,276,272,8,24,288,353,37,34,2,0,7,33,34,288,8,24,290,33,8,24,292,284,37,35,4,0,7,34,35,311,8,24,294,34,8,24,335,266,8,24,281,8,27,22,3,2,37,26,3,0,4,27,22,0,1,28,67,0,27,26,3,1,7,30,22,354,36,26,30,329,34,28,6,0,27,26,3,1,7,30,22,355,36,26,30,329,34,28,7,0,27,26,3,1,7,30,22,352,36,26,30,329,34,28,8,0,27,26,3,1,37,23,1,0,1,24,78,0,9,25,0,0,5,33,13,0,7,27,33,270,1,28,15,0,1,29,16,0,1,30,16,0,1,31,89,0,27,27,5,2,8,25,268,27,37,34,2,0,7,33,34,317,8,25,274,33,8,25,276,272,8,25,288,356,37,35,2,0,7,34,35,288,8,25,290,34,8,25,292,284,37,36,4,0,7,35,36,311,8,25,294,35,8,25,335,266,8,25,281,8,27,23,3,2,37,27,3,0,4,28,23,0,1,29,67,0,27,27,3,1,7,31,23,354,36,27,31,329,34,29,9,0,27,27,3,1,7,31,23,355,36,27,31,329,34,29,10,0,27,27,3,1,7,31,23,352,36,27,31,329,34,29,11,0,27,27,3,1,37,24,1,0,1,25,11,0,9,26,0,0,5,34,13,0,7,28,34,270,1,29,15,0,1,30,16,0,1,31,16,0,1,32,89,0,27,28,5,2,8,26,268,28,8,26,287,271,8,26,281,8,27,24,3,2,37,25,1,0,1,26,78,0,9,27,0,0,5,35,13,0,7,29,35,270,1,30,60,0,1,35,67,0,17,31,35,0,1,32,15,0,1,33,16,0,27,29,5,2,8,27,268,29,37,36,2,0,7,35,36,317,8,27,274,35,8,27,276,272,8,27,288,357,37,37,2,0,7,36,37,288,8,27,290,36,8,27,292,284,37,38,4,0,7,37,38,311,8,27,294,37,8,27,335,266,8,27,281,24,27,25,3,2,37,29,3,0,4,30,25,0,1,31,67,0,27,29,3,1,7,33,25,354,36,29,33,329,34,31,12,0,27,29,3,1,7,33,25,355,36,29,33,329,34,31,13,0,27,29,3,1,7,33,25,352,36,29,33,329,34,31,14,0,27,29,3,1,37,26,1,0,1,27,78,0,9,28,0,0,5,36,13,0,7,30,36,270,1,31,60,0,1,36,67,0,17,32,36,0,1,33,15,0,1,34,16,0,27,30,5,2,8,28,268,30,5,42,13,0,7,36,42,270,1,37,60,0,1,38,67,0,1,39,16,0,1,40,16,0,27,36,5,2,8,28,299,36,37,43,2,0,7,42,43,317,8,28,274,42,8,28,276,272,8,28,288,358,37,44,2,0,7,43,44,288,8,28,290,43,8,28,292,284,37,45,4,0,7,44,45,311,8,28,294,44,8,28,335,266,8,28,281,24,27,26,3,2,37,30,3,0,4,31,26,0,1,32,67,0,27,30,3,1,7,34,26,354,36,30,34,329,34,32,15,0,27,30,3,1,7,34,26,355,36,30,34,329,34,32,16,0,27,30,3,1,7,34,26,352,36,30,34,329,34,32,17,0,27,30,3,1,37,27,1,0,1,28,78,0,9,29,0,0,5,37,13,0,7,31,37,270,1,32,15,0,1,33,16,0,1,34,16,0,1,35,89,0,27,31,5,2,8,29,268,31,37,38,2,0,7,37,38,317,8,29,274,37,8,29,276,272,8,29,288,263,8,29,335,266,8,29,281,8,27,27,3,2,37,31,3,0,4,32,27,0,1,33,67,0,27,31,3,1,37,28,1,0,1,29,30,0,9,30,0,0,5,38,13,0,7,32,38,270,1,33,60,0,1,38,70,0,17,34,38,0,1,35,15,0,1,36,16,0,27,32,5,2,8,30,268,32,5,42,13,0,7,38,42,313,1,39,51,0,1,40,16,0,27,38,3,2,8,30,299,38,8,30,287,271,8,30,288,359,37,43,2,0,7,42,43,288,8,30,290,42,8,30,292,284,37,44,4,0,7,43,44,311,8,30,294,43,5,46,23,0,7,45,46,296,7,44,45,261,8,30,296,44,8,30,281,27,27,28,3,2,37,29,1,0,1,30,30,0,9,31,0,0,5,39,13,0,7,33,39,270,1,34,60,0,1,39,104,0,17,35,39,0,1,36,15,0,1,37,16,0,27,33,5,2,8,31,268,33,5,45,13,0,7,39,45,270,1,40,60,0,1,41,16,0,1,42,16,0,1,43,16,0,27,39,5,2,8,31,299,39,8,31,287,271,8,31,288,337,37,46,2,0,7,45,46,321,8,31,290,45,8,31,292,293,37,47,4,0,7,46,47,311,8,31,294,46,5,49,23,0,7,48,49,296,7,47,48,260,8,31,296,47,5,50,23,0,7,49,50,338,7,48,49,339,8,31,338,48,8,31,281,27,27,29,3,2,34,30,18,0,4,33,30,0,27,33,1,1,7,37,27,354,36,33,37,329,34,35,19,0,27,33,3,1,7,37,27,355,36,33,37,329,34,35,20,0,27,33,3,1,7,37,27,352,36,33,37,329,34,35,21,0,27,33,3,1,4,33,7,0,29,33,2,0},P={{K={"Anim","BackgroundColor3","Hover"},C={37,0,0,0,37,1,1,0,37,5,2,0,7,2,5,256,9,3,0,0,37,6,3,0,7,5,6,258,8,3,257,5,27,0,4,1,29,0,1,0},P={},U={{0,7},{1,10},{0,4},{0,2}},nParams=0,mR=7,vA=false},{K={"Anim","BackgroundColor3","Box","Text","name"},C={37,0,0,0,37,1,1,0,37,5,2,0,7,2,5,256,9,3,0,0,37,6,3,0,7,5,6,258,8,3,257,5,27,0,4,1,37,1,1,0,7,0,1,259,37,1,4,0,8,1,260,0,29,0,1,0},P={},U={{0,7},{1,10},{0,4},{0,2},{1,6}},nParams=0,mR=7,vA=false},{K={"Text","name"},C={37,1,0,0,7,0,1,256,37,1,1,0,8,1,257,0,29,0,1,0},P={},U={{1,10},{1,6}},nParams=0,mR=2,vA=false},{K={"selected","None","Text","pairs",12,144,"Accent","BackgroundColor3","Color3","fromRGB",255,"TextColor3","Box",3,2,9,"name"},C={4,1,0,0,37,2,0,0,8,2,256,1,4,1,0,0,25,1,0,1,21,0,1,0,1,1,1,0,37,2,1,0,8,2,258,1,5,1,3,0,37,2,2,0,27,1,2,4,42,1,0,0,32,1,0,2,21,0,32,0,12,7,260,260,22,0,7,261,21,0,1,0,3,6,1,1,3,6,0,0,25,6,0,0,21,0,4,0,22,0,4,0,21,0,1,0,3,6,1,1,3,6,0,0,25,6,0,0,21,0,11,0,37,7,3,0,7,6,7,262,8,5,263,6,5,11,8,0,7,6,11,265,1,7,10,0,1,8,10,0,1,9,10,0,27,6,4,2,8,5,267,6,21,0,6,0,37,7,3,0,7,6,7,268,8,5,263,6,37,7,3,0,7,6,7,258,8,5,267,6,39,4,0,0,21,0,-34,0,15,2,269,270,22,0,2,271,21,0,1,0,3,1,1,1,3,1,0,0,25,1,0,0,21,0,1,0,4,1,0,0,25,1,0,0,21,0,7,0,4,1,0,0,37,2,4,0,8,2,258,1,4,1,0,0,37,2,0,0,8,2,272,1,21,0,0,0,29,0,1,0},P={},U={{1,6},{1,13},{1,19},{0,2},{1,10}},nParams=1,mR=12,vA=false},{K={"pairs","Destroy","List",8,"ipairs","TextButton","Size","UDim2","new",1,0,22,"BackgroundColor3","selected","Accent","Box","BorderSizePixel","Text","TextColor3","Color3","fromRGB",255,"TextSize",12,"Font","FontMed","AutoButtonColor",false,"LayoutOrder","Parent",4,"MouseEnter","Connect","MouseLeave","MouseButton1Click",2,100,7,"None",30},C={5,0,0,0,37,1,0,0,27,0,2,4,42,0,0,0,32,0,0,2,21,0,4,0,36,5,4,257,27,5,2,1,39,3,0,0,21,0,-6,0,9,0,0,0,38,0,0,0,37,4,1,0,36,0,4,258,3,2,1,0,27,0,3,2,1,1,3,0,5,2,4,0,4,3,0,0,27,2,2,4,42,2,0,0,32,2,0,2,21,0,80,0,37,7,2,0,1,8,5,0,9,9,0,0,5,17,7,0,7,11,17,264,1,12,9,0,1,13,10,0,1,14,10,0,1,15,11,0,27,11,5,2,8,9,262,11,37,19,3,0,7,18,19,269,22,0,6,18,21,0,1,0,3,17,1,1,3,17,0,0,25,17,0,0,21,0,2,0,37,18,4,0,7,17,18,270,25,17,0,1,21,0,2,0,37,18,4,0,7,17,18,271,8,9,268,17,8,9,272,266,8,9,273,6,37,20,3,0,7,19,20,269,22,0,6,19,21,0,1,0,3,18,1,1,3,18,0,0,25,18,0,0,21,0,6,0,5,23,19,0,7,18,23,276,1,19,21,0,1,20,21,0,1,21,21,0,27,18,4,2,25,18,0,1,21,0,2,0,37,19,4,0,7,18,19,273,8,9,274,18,8,9,278,279,37,20,5,0,7,19,20,281,8,9,280,19,8,9,282,283,8,9,284,5,37,20,6,0,8,9,285,20,27,7,3,2,37,11,7,0,4,12,7,0,1,13,30,0,27,11,3,1,7,15,7,287,36,11,15,288,34,13,0,0,27,11,3,1,7,15,7,289,36,11,15,288,34,13,1,0,27,11,3,1,7,15,7,290,36,11,15,288,34,13,2,0,27,11,3,1,4,11,7,0,37,12,0,0,8,12,6,11,10,12,1,267,10,11,12,291,4,1,11,0,39,5,0,0,21,0,-82,0,14,6,292,293,22,0,6,291,21,0,1,0,3,5,1,1,3,5,0,0,25,5,0,0,21,0,5,0,19,6,0,0,22,0,6,266,21,0,1,0,3,5,1,1,3,5,0,0,25,5,0,0,21,0,6,0,1,5,38,0,37,6,13,0,8,6,273,5,1,5,39,0,4,1,5,0,21,0,0,0,4,5,1,0,29,5,2,0},P={{K={7,49,"selected","Hover","BackgroundColor3"},C={12,1,256,256,22,0,1,257,21,0,1,0,3,0,1,1,3,0,0,0,25,0,0,0,21,0,7,0,37,1,0,0,37,3,1,0,7,2,3,258,22,1,1,2,21,0,1,0,3,0,1,1,3,0,0,0,25,0,0,0,21,0,5,0,37,1,2,0,7,0,1,259,37,1,3,0,8,1,260,0,21,0,0,0,29,0,1,0},P={},U={{1,6},{0,3},{0,4},{1,7}},nParams=0,mR=4,vA=false},{K={1,2,"selected","Box","BackgroundColor3"},C={10,1,256,256,22,0,1,257,21,0,1,0,3,0,1,1,3,0,0,0,25,0,0,0,21,0,7,0,37,1,0,0,37,3,1,0,7,2,3,258,22,1,1,2,21,0,1,0,3,0,1,1,3,0,0,0,25,0,0,0,21,0,5,0,37,1,2,0,7,0,1,259,37,1,3,0,8,1,260,0,21,0,0,0,29,0,1,0},P={},U={{1,6},{0,3},{0,4},{1,7}},nParams=0,mR=4,vA=false},{K={0.15,"Size","UDim2","new",1,0,"Rotation","task","delay",0.16},C={37,0,0,0,37,1,1,0,27,0,2,1,3,0,0,0,38,0,2,0,37,0,3,0,37,1,4,0,1,2,0,0,9,3,0,0,5,11,2,0,7,5,11,259,1,6,4,0,1,7,5,0,1,8,5,0,1,9,5,0,27,5,5,2,8,3,257,5,27,0,4,1,37,0,3,0,37,1,5,0,1,2,0,0,9,3,0,0,8,3,262,261,27,0,4,1,5,4,7,0,7,0,4,264,1,1,9,0,34,2,0,0,27,0,3,1,29,0,1,0},P={{K={15,225,"Visible"},C={12,1,256,256,22,0,1,257,21,0,1,0,3,0,1,1,3,0,0,0,25,0,0,0,21,0,2,0,37,1,0,0,18,0,1,0,25,0,0,0,21,0,4,0,3,0,0,0,37,1,1,0,8,1,258,0,21,0,0,0,29,0,1,0},P={},U={{0,2},{0,4}},nParams=0,mR=2,vA=false}},U={{0,8},{1,6},{0,9},{0,10},{0,11},{0,12}},nParams=0,mR=12,vA=false}},U={{1,19},{0,9},{0,1},{1,6},{0,2},{0,4},{1,17},{0,3},{1,20},{1,18},{0,7},{1,15},{1,14},{1,13}},nParams=0,mR=40,vA=false},{K={12,144,"Visible","UDim2","new",1,0,"Size",0.18,"Rotation",180,0.15,"task","delay",0.16},C={37,1,0,0,18,0,1,0,38,0,0,0,12,1,256,256,22,0,1,257,21,0,1,0,3,0,1,1,3,0,0,0,25,0,0,0,21,0,1,0,37,0,0,0,25,0,0,0,21,0,35,0,37,0,1,0,27,0,1,2,3,2,1,0,37,3,2,0,8,3,258,2,5,8,3,0,7,2,8,260,1,3,5,0,1,4,6,0,1,5,6,0,1,6,6,0,27,2,5,2,37,8,2,0,8,8,263,2,37,2,3,0,37,3,2,0,1,4,8,0,9,5,0,0,5,13,3,0,7,7,13,260,1,8,5,0,1,9,6,0,1,10,6,0,4,11,0,0,27,7,5,2,8,5,263,7,27,2,4,1,37,2,3,0,37,3,4,0,1,4,8,0,9,5,0,0,8,5,265,266,27,2,4,1,39,0,0,0,21,0,24,0,37,0,3,0,37,1,2,0,1,2,11,0,9,3,0,0,5,11,3,0,7,5,11,260,1,6,5,0,1,7,6,0,1,8,6,0,1,9,6,0,27,5,5,2,8,3,263,5,27,0,4,1,37,0,3,0,37,1,4,0,1,2,11,0,9,3,0,0,8,3,265,262,27,0,4,1,5,4,12,0,7,0,4,269,1,1,14,0,34,2,0,0,27,0,3,1,29,0,1,0},P={{K={3,2,9,"Visible"},C={15,1,256,257,22,0,1,258,21,0,1,0,3,0,1,1,3,0,0,0,25,0,0,0,21,0,2,0,37,1,0,0,18,0,1,0,25,0,0,0,21,0,4,0,3,0,0,0,37,1,1,0,8,1,259,0,21,0,0,0,29,0,1,0},P={},U={{0,0},{0,2}},nParams=0,mR=2,vA=false}},U={{1,18},{1,21},{1,15},{0,7},{1,14}},nParams=0,mR=15,vA=false},{K={"Anim","BackgroundColor3","Hover"},C={37,0,0,0,37,1,1,0,37,5,2,0,7,2,5,256,9,3,0,0,37,6,3,0,7,5,6,258,8,3,257,5,27,0,4,1,29,0,1,0},P={},U={{0,7},{1,22},{0,4},{0,2}},nParams=0,mR=7,vA=false},{K={"Anim","BackgroundColor3","Box"},C={37,0,0,0,37,1,1,0,37,5,2,0,7,2,5,256,9,3,0,0,37,6,3,0,7,5,6,258,8,3,257,5,27,0,4,1,29,0,1,0},P={},U={{0,7},{1,22},{0,4},{0,2}},nParams=0,mR=7,vA=false},{K={"name","","Text",7,49,"Notify","Title","Config","Content","\208\146\208\178\208\181\208\180\208\184\209\130\208\181 \208\184\208\188\209\143","Duration",2,"Type","error","Save",1,"\208\161\208\190\209\133\209\128\208\176\208\189\208\181\208\189\208\190: ","success","\208\158\209\136\208\184\208\177\208\186\208\176 \209\129\208\190\209\133\209\128\208\176\208\189\208\181\208\189\208\184\209\143"},C={37,2,0,0,7,1,2,256,22,1,1,257,21,0,1,0,3,0,1,1,3,0,0,0,25,0,0,0,21,0,2,0,37,1,0,0,7,0,1,256,25,0,0,1,21,0,2,0,37,1,1,0,7,0,1,258,12,2,259,259,22,0,2,260,21,0,1,0,3,1,1,1,3,1,0,0,25,1,0,0,21,0,7,0,18,1,0,0,25,1,0,1,21,0,4,0,22,0,0,257,21,0,1,0,3,1,1,1,3,1,0,0,25,1,0,0,21,0,10,0,37,5,2,0,36,1,5,261,9,3,0,0,8,3,262,263,8,3,264,265,8,3,266,267,8,3,268,269,27,1,3,1,29,0,1,0,21,0,0,0,37,5,3,0,36,1,5,270,4,3,0,0,27,1,3,2,10,7,271,271,22,0,7,267,21,0,1,0,3,6,1,1,3,6,0,0,25,6,0,0,21,0,1,0,4,6,1,0,25,6,0,0,21,0,15,0,37,10,2,0,36,6,10,261,9,8,0,0,8,8,262,263,1,12,16,0,4,13,0,0,20,11,12,13,8,8,264,11,8,8,266,267,8,8,268,273,27,6,3,1,37,6,4,0,4,7,0,0,27,6,2,1,21,0,8,0,37,10,2,0,36,6,10,261,9,8,0,0,8,8,262,263,8,8,264,274,8,8,266,267,8,8,268,269,27,6,3,1,29,0,1,0},P={},U={{1,6},{1,10},{0,0},{0,9},{1,20}},nParams=0,mR=17,vA=false},{K={"Anim","BackgroundColor3","Hover"},C={37,0,0,0,37,1,1,0,37,5,2,0,7,2,5,256,9,3,0,0,37,6,3,0,7,5,6,258,8,3,257,5,27,0,4,1,29,0,1,0},P={},U={{0,7},{1,23},{0,4},{0,2}},nParams=0,mR=7,vA=false},{K={"Anim","BackgroundColor3","Box"},C={37,0,0,0,37,1,1,0,37,5,2,0,7,2,5,256,9,3,0,0,37,6,3,0,7,5,6,258,8,3,257,5,27,0,4,1,29,0,1,0},P={},U={{0,7},{1,23},{0,4},{0,2}},nParams=0,mR=7,vA=false},{K={"selected","name",15,225,"","Notify","Title","Config","Content","\208\146\209\139\208\177\208\181\209\128\208\184\209\130\208\181 \208\186\208\190\208\189\209\132\208\184\208\179","Duration",2,"Type","error","Load",100,7,"\208\151\208\176\208\179\209\128\209\131\208\182\208\181\208\189\208\190: ","success","\208\158\209\136\208\184\208\177\208\186\208\176: "},C={37,1,0,0,7,0,1,256,25,0,0,1,21,0,2,0,37,1,0,0,7,0,1,257,12,2,258,258,22,0,2,259,21,0,1,0,3,1,1,1,3,1,0,0,25,1,0,0,21,0,7,0,18,1,0,0,25,1,0,1,21,0,4,0,22,0,0,260,21,0,1,0,3,1,1,1,3,1,0,0,25,1,0,0,21,0,10,0,37,5,1,0,36,1,5,261,9,3,0,0,8,3,262,263,8,3,264,265,8,3,266,267,8,3,268,269,27,1,3,1,29,0,1,0,21,0,0,0,37,5,2,0,36,1,5,270,4,3,0,0,27,1,3,3,14,7,271,272,22,0,7,267,21,0,1,0,3,6,1,1,3,6,0,0,25,6,0,0,21,0,1,0,4,6,1,0,25,6,0,0,21,0,12,0,37,10,1,0,36,6,10,261,9,8,0,0,8,8,262,263,1,12,17,0,4,13,0,0,20,11,12,13,8,8,264,11,8,8,266,267,8,8,268,274,27,6,3,1,21,0,14,0,37,10,1,0,36,6,10,261,9,8,0,0,8,8,262,263,1,12,19,0,4,13,2,0,25,13,0,1,21,0,1,0,1,13,4,0,20,11,12,13,8,8,264,11,8,8,266,267,8,8,268,269,27,6,3,1,29,0,1,0},P={},U={{1,6},{0,0},{0,9}},nParams=0,mR=20,vA=false},{K={"Anim","BackgroundColor3","Hover"},C={37,0,0,0,37,1,1,0,37,5,2,0,7,2,5,256,9,3,0,0,37,6,3,0,7,5,6,258,8,3,257,5,27,0,4,1,29,0,1,0},P={},U={{0,7},{1,25},{0,4},{0,2}},nParams=0,mR=7,vA=false},{K={"Anim","BackgroundColor3","Box"},C={37,0,0,0,37,1,1,0,37,5,2,0,7,2,5,256,9,3,0,0,37,6,3,0,7,5,6,258,8,3,257,5,27,0,4,1,29,0,1,0},P={},U={{0,7},{1,25},{0,4},{0,2}},nParams=0,mR=7,vA=false},{K={"selected",12,144,"","Notify","Title","Config","Content","\208\146\209\139\208\177\208\181\209\128\208\184\209\130\208\181 \208\186\208\190\208\189\209\132\208\184\208\179","Duration",2,"Type","error","Delete","\208\163\208\180\208\176\208\187\208\181\208\189\208\190: ","info"},C={37,1,0,0,7,0,1,256,12,2,257,257,22,0,2,258,21,0,1,0,3,1,1,1,3,1,0,0,25,1,0,0,21,0,7,0,18,1,0,0,25,1,0,1,21,0,4,0,22,0,0,259,21,0,1,0,3,1,1,1,3,1,0,0,25,1,0,0,21,0,10,0,37,5,1,0,36,1,5,260,9,3,0,0,8,3,261,262,8,3,263,264,8,3,265,266,8,3,267,268,27,1,3,1,29,0,1,0,21,0,0,0,37,5,2,0,36,1,5,269,4,3,0,0,27,1,3,1,37,1,3,0,2,2,0,0,27,1,2,1,37,5,1,0,36,1,5,260,9,3,0,0,8,3,261,262,1,7,14,0,4,8,0,0,20,6,7,8,8,3,263,6,8,3,265,266,8,3,267,271,27,1,3,1,29,0,1,0},P={},U={{1,6},{0,0},{0,9},{1,20}},nParams=0,mR=15,vA=false},{K={"Anim","BackgroundColor3","Hover"},C={37,0,0,0,37,1,1,0,37,5,2,0,7,2,5,256,9,3,0,0,37,6,3,0,7,5,6,258,8,3,257,5,27,0,4,1,29,0,1,0},P={},U={{0,7},{1,26},{0,4},{0,2}},nParams=0,mR=7,vA=false},{K={"Anim","BackgroundColor3","Box"},C={37,0,0,0,37,1,1,0,37,5,2,0,7,2,5,256,9,3,0,0,37,6,3,0,7,5,6,258,8,3,257,5,27,0,4,1,29,0,1,0},P={},U={{0,7},{1,26},{0,4},{0,2}},nParams=0,mR=7,vA=false},{K={"List","Notify","Title","Config","Content","\208\161\208\191\208\184\209\129\208\190\208\186 \208\190\208\177\208\189\208\190\208\178\208\187\209\145\208\189","Duration",1.5,"Type","info"},C={37,4,0,0,36,0,4,256,3,2,1,0,27,0,3,1,37,4,1,0,36,0,4,257,9,2,0,0,8,2,258,259,8,2,260,261,8,2,262,263,8,2,264,265,27,0,3,1,29,0,1,0},P={},U={{0,9},{0,0}},nParams=0,mR=5,vA=false},{K={"GetAutoload",3,2,9,"","Text","Accent","TextColor3","None","TextDim"},C={37,3,0,0,36,0,3,256,27,0,2,2,15,5,257,258,22,0,5,259,21,0,1,0,3,4,1,1,3,4,0,0,25,4,0,0,21,0,7,0,4,4,0,0,25,4,0,0,21,0,4,0,22,1,0,260,21,0,1,0,3,4,1,1,3,4,0,0,25,4,0,0,21,0,8,0,4,4,0,0,37,5,1,0,8,5,261,4,37,5,2,0,7,4,5,262,37,5,1,0,8,5,263,4,21,0,7,0,1,4,8,0,37,5,1,0,8,5,261,4,37,5,2,0,7,4,5,265,37,5,1,0,8,5,263,4,29,0,1,0},P={},U={{0,9},{1,29},{0,2}},nParams=0,mR=9,vA=false},{K={"Anim","BackgroundColor3","Hover"},C={37,0,0,0,37,1,1,0,37,5,2,0,7,2,5,256,9,3,0,0,37,6,3,0,7,5,6,258,8,3,257,5,27,0,4,1,29,0,1,0},P={},U={{0,7},{1,27},{0,4},{0,2}},nParams=0,mR=7,vA=false},{K={"Anim","BackgroundColor3","Box"},C={37,0,0,0,37,1,1,0,37,5,2,0,7,2,5,256,9,3,0,0,37,6,3,0,7,5,6,258,8,3,257,5,27,0,4,1,29,0,1,0},P={},U={{0,7},{1,27},{0,4},{0,2}},nParams=0,mR=7,vA=false},{K={"selected","name","GetAutoload",7,49,"SetAutoload","Notify","Title","Config","Content","Autoload \208\190\209\130\208\186\208\187\209\142\209\135\209\145\208\189","Duration",1.5,"Type","info",1,2,"","\208\146\209\139\208\177\208\181\209\128\208\184\209\130\208\181 \208\186\208\190\208\189\209\132\208\184\208\179","error","Autoload: ","success"},C={37,1,0,0,7,0,1,256,25,0,0,1,21,0,2,0,37,1,0,0,7,0,1,257,37,4,1,0,36,1,4,258,27,1,2,2,12,6,259,259,22,0,6,260,21,0,1,0,3,5,1,1,3,5,0,0,25,5,0,0,21,0,7,0,4,5,1,0,25,5,0,0,21,0,4,0,22,0,1,0,21,0,1,0,3,5,1,1,3,5,0,0,25,5,0,0,21,0,13,0,37,9,1,0,36,5,9,261,2,7,0,0,27,5,3,1,37,9,2,0,36,5,9,262,9,7,0,0,8,7,263,264,8,7,265,266,8,7,267,268,8,7,269,270,27,5,3,1,21,0,41,0,10,6,271,271,22,0,6,272,21,0,1,0,3,5,1,1,3,5,0,0,25,5,0,0,21,0,7,0,18,5,0,0,25,5,0,1,21,0,4,0,22,0,0,273,21,0,1,0,3,5,1,1,3,5,0,0,25,5,0,0,21,0,10,0,37,9,2,0,36,5,9,262,9,7,0,0,8,7,263,264,8,7,265,274,8,7,267,272,8,7,269,275,27,5,3,1,29,0,1,0,21,0,0,0,37,9,1,0,36,5,9,261,4,7,0,0,27,5,3,1,37,9,2,0,36,5,9,262,9,7,0,0,8,7,263,264,1,11,20,0,4,12,0,0,20,10,11,12,8,7,265,10,8,7,267,268,8,7,269,277,27,5,3,1,37,5,3,0,27,5,1,1,29,0,1,0},P={},U={{1,6},{0,9},{0,0},{1,30}},nParams=0,mR=21,vA=false}},U={{1,5},{1,10},{1,6},{1,11},{1,7},{1,12},{1,13},{1,14},{1,15},{1,52}},nParams=4,mR=105,vA=false},{K={15,225,"Notify","Title","Spectra","Content","Unloading...","Duration",2,"Type","info","task","wait",0.5,100,7,"Destroy"},C={12,1,256,256,22,0,1,257,21,0,1,0,3,0,1,1,3,0,0,0,25,0,0,0,21,0,2,0,37,1,0,0,7,0,1,258,25,0,0,0,21,0,9,0,37,4,0,0,36,0,4,258,9,2,0,0,8,2,259,260,8,2,261,262,8,2,263,264,8,2,265,266,27,0,3,1,21,0,0,0,5,3,11,0,7,0,3,268,1,1,13,0,27,0,2,1,14,1,270,271,22,0,1,264,21,0,1,0,3,0,1,1,3,0,0,0,25,0,0,0,21,0,1,0,37,0,1,0,25,0,0,0,21,0,4,0,37,3,1,0,36,0,3,272,27,0,2,1,21,0,0,0,29,0,1,0},P={},U={{1,5},{1,18}},nParams=0,mR=14,vA=false}}
return _run(_dK,_dC,_dP,{},0,256,true,_env)
